Name,Stars,About,Are Kids Allowed,Arrival,City,Country,Rooms,Tour Types
Hotel Zante Park Resort & SPA – BW Premier Collection,5,"[{'Ogólnie': ['pięciogwiazdkowy', 'elegancki i nowoczesny', 'zbudowany w 1991 r., częściowo odnowiony w 2016 r.', '135 pokoi, budynek główny i aneks oddzielony uliczką, 3 piętra, 4 windy', 'eleganckie lobby', 'całodobowa recepcja', 'sala konferencyjna dla 150 osób', 'bezpłatny internet bezprzewodowy w lobby', 'akceptowane karty kredytowe: Visa, MasterCard, American Express', 'przy zakwaterowaniu wymagany depozyt (płatny w gotówce lub blokowany na karcie kredytowej) na poczet wymaganych wydatków w hotelu: ok. 50 EUR/pokój']}, {'Sport i rozrywka': ['polskie animacje (w okresie: lipiec-sierpień)']}, {'Basen': ['basen, słodka woda, ok. 200 m², gł. ok. 1,1-2,1 m', 'basen relaksacyjny', 'przy basenach bezpłatne parasole, leżaki i ręczniki']}, {'Usługi': ['opiekunka do dziecka (na zapytanie)', 'fryzjer (na zapytanie)', 'masaże (na zapytanie)']}, {'Kontakt': ['0030/2695052310', 'www.zanteparkhotels.gr']}]",True,"Grecja, Zakynthos",Zakynthos,Grecja,"[{'room_name': 'standardowy', 'capacity adults': 2, 'capacity_kids': 3, 'price': 540.71, 'baby price': 23.41, 'kid price': 49.83, 'teenager price': 65.36, 'avaliable_rooms': 5}]","[{'tour_type': 'standard', 'tour_surcharge': 0}, {'tour_type': 'All inclusive', 'tour_surcharge': 395}]"
Hotel Krini Beach,4,"[{'Ogólnie': ['czterogwiazdkowy', 'regularnie odnawiany', '59 pokoi, kilka budynków, 1-2 piętra', 'eleganckie lobby', 'całodobowa recepcja', 'bezpłatny internet bezprzewodowy w miejscach ogólnodostępnych', 'akceptowane karty kredytowe: Visa, MasterCard']}, {'Basen': ['basen, słodka woda', 'brodzik, słodka woda', 'przy basenie bezpłatne parasole i leżaki']}, {'Kontakt': ['0030/2831072903', 'www.krinibeach.gr']}]",True,"Grecja, Kreta",Kreta,Grecja,"[{'room_name': 'superior z bocznym widokiem na morze', 'capacity adults': 2, 'capacity_kids': 1, 'price': 558.01, 'baby price': 20.86, 'kid price': 36.75, 'teenager price': 74.92, 'avaliable_rooms': 10}, {'room_name': 'rodzinny', 'capacity adults': 2, 'capacity_kids': 1, 'price': 1018.01, 'baby price': 23.53, 'kid price': 35.95, 'teenager price': 52.71, 'avaliable_rooms': 19}, {'room_name': 'rodzinny z bocznym widokiem na morze', 'capacity adults': 2, 'capacity_kids': 1, 'price': 1169.01, 'baby price': 17.92, 'kid price': 41.96, 'teenager price': 50.99, 'avaliable_rooms': 9}]","[{'tour_type': 'standard', 'tour_surcharge': 0}, {'tour_type': 'All inclusive', 'tour_surcharge': 264}]"
Hotel Azure Resort & Spa,5,"[{'Ogólnie': ['pięciogwiazdkowy', 'nowoczesny', 'zbudowany w 1989 r., odnowiony na początku 2015 r.', '179 pokoi, budynek główny i 5 bocznych, 2 piętra, 3 windy', 'przestronne lobby', 'całodobowa recepcja', 'room-service', 'ogród', 'bezpłatny internet bezprzewodowy w lobby', 'akceptowane karty kredytowe: Visa, MasterCard, American Express, Diners Club']}, {'Sport i rozrywka': ['tenis stołowy', 'siłownia', 'polskie animacje (w okresie: lipiec-sierpień)']}, {'Basen': ['basen, słodka woda, ok. 200 m², gł. ok. 1,1-2,1 m', 'basen relaksacyjny', 'przy basenach bezpłatne parasole, leżaki i ręczniki']}, {'Spa': ['za opłatą (ok. 20 EUR/os./godz.): basen kryty, jacuzzi, sauna']}, {'Kontakt': ['0030/2695026101', 'www.azureresort.com']}]",True,"Grecja, Zakynthos",Zakynthos,Grecja,"[{'room_name': 'standardowy', 'capacity adults': 2, 'capacity_kids': 0, 'price': 1199.09, 'baby price': 26.21, 'kid price': 36.25, 'teenager price': 78.7, 'avaliable_rooms': 7}]","[{'tour_type': 'standard', 'tour_surcharge': 0}, {'tour_type': 'All inclusive', 'tour_surcharge': 317}]"
Hotel Casa Mare Resort (ex. Royal Tulip Beach Resort),5,"[{'Ogólnie': ['pięciogwiazdkowy', 'elegancki', 'zbudowany w 2013 r.', '399 pokoi, budynek główny i kilka budynków z pokojami, do 2 pięter', 'przestronne i eleganckie lobby', 'całodobowa recepcja', 'duży taras z widokiem na basen', 'ogród', 'akceptowane karty kredytowe: Visa, MasterCard']}, {'Basen': ['4 baseny, w tym 1 z barem typu swim-up i 1 podgrzewany w sezonie zimowym, słodka woda, gł. 0,2-1,8 m', 'wydzielony brodzik dla dzieci, podgrzewany w sezonie zimowym', 'miniaquapark dla dzieci i dorosłych z 12 zjeżdżalniami', 'przy basenach bezpłatne parasole, leżaki, materace i ręczniki']}, {'Sport i rozrywka': ['boccia', 'rzutki', 'siatkówka plażowa', 'zajęcia jogi', 'plac zabaw dla dzieci', 'miniklub (4-12 lat)', 'animacje dla dorosłych i dzieci', 'w ciągu dnia zabawy i gry przy basenie i na plaży', 'wieczorem show i pokazy (niektóre zewnętrzne imprezy i show dodatkowo płatne)', 'amfiteatr', 'dyskoteka', 'za opłatą: bilard, centrum nurkowe, centrum i szkoła kitesurfingu (oferta zewnętrzna)']}, {'Spa': ['siłownia', 'za opłatą: sauna, jacuzzi, łaźnia parowa, łaźnia turecka, masaże']}, {'Usługi': ['internet bezprzewodowy', 'room-service', 'lekarz na wezwanie', 'apteka', 'pralnia', 'sklepy z odzieżą, pamiątkami i biżuterią']}, {'Kontakt': ['0020/01028880012']}]",True,"Egipt, Marsa Alam",Marsa Alam,Egipt,"[{'room_name': 'superior', 'capacity adults': 2, 'capacity_kids': 3, 'price': 1405.13, 'baby price': 28.49, 'kid price': 43.64, 'teenager price': 68.82, 'avaliable_rooms': 19}, {'room_name': 'rodzinny', 'capacity adults': 2, 'capacity_kids': 2, 'price': 1518.13, 'baby price': 18.77, 'kid price': 49.26, 'teenager price': 77.69, 'avaliable_rooms': 12}, {'room_name': 'deluxe', 'capacity adults': 2, 'capacity_kids': 1, 'price': 2099.13, 'baby price': 20.22, 'kid price': 33.03, 'teenager price': 58.4, 'avaliable_rooms': 18}, {'room_name': 'premium z jacuzzi', 'capacity adults': 2, 'capacity_kids': 2, 'price': 2520.13, 'baby price': 10.29, 'kid price': 37.91, 'teenager price': 74.66, 'avaliable_rooms': 18}, {'room_name': 'suite', 'capacity adults': 2, 'capacity_kids': 1, 'price': 3391.13, 'baby price': 10.49, 'kid price': 34.27, 'teenager price': 51.37, 'avaliable_rooms': 9}, {'room_name': 'superior z widokiem na morze', 'capacity adults': 2, 'capacity_kids': 3, 'price': 3847.13, 'baby price': 16.1, 'kid price': 31.18, 'teenager price': 55.75, 'avaliable_rooms': 13}, {'room_name': 'rodzinny z widokiem na morze', 'capacity adults': 2, 'capacity_kids': 3, 'price': 4335.13, 'baby price': 11.28, 'kid price': 41.47, 'teenager price': 54.5, 'avaliable_rooms': 8}, {'room_name': 'deluxe z widokiem na morze', 'capacity adults': 2, 'capacity_kids': 0, 'price': 4414.13, 'baby price': 22.64, 'kid price': 31.95, 'teenager price': 64.17, 'avaliable_rooms': 15}, {'room_name': 'premium z jacuzzi i widokiem na morze', 'capacity adults': 2, 'capacity_kids': 1, 'price': 5168.13, 'baby price': 27.72, 'kid price': 47.98, 'teenager price': 79.73, 'avaliable_rooms': 10}, {'room_name': 'suite z widokiem na morze', 'capacity adults': 2, 'capacity_kids': 2, 'price': 5495.13, 'baby price': 16.66, 'kid price': 44.23, 'teenager price': 53.77, 'avaliable_rooms': 16}]","[{'tour_type': 'standard', 'tour_surcharge': 0}, {'tour_type': 'All inclusive', 'tour_surcharge': 340}]"
Hotel SBH Royal Monica,3,"[{'Ogólnie': ['trzygwiazdkowy', 'zadbany', 'zbudowany w 1998 r.', 'odnowiony w 2005 r.', '220 pokoi, 5 budynków, 2 piętra, 1 winda', 'przestronny hol', 'całodobowa recepcja', 'bezpłatny internet bezprzewodowy na terenie całego hotelu', 'przechowalnia bagażu', 'taras z widokiem na morze', 'ogród', 'akceptowane karty kredytowe: Visa, Mastercard, Maestro']}, {'Sport i rozrywka': ['boisko wielofunkcyjne', 'siłownia', 'plac zabaw', 'miniklub (4-12 lat)', 'wieczorne animacje dla dzieci i dorosłych', 'za opłatą: kort tenisowy (oświetlenie płatne ok. 15 EUR/godz., wypożyczalnia sprzętu za kaucją), siatkówka plażowa, tenis stołowy, bilard, szkoła nurkowania']}, {'Basen': ['2 baseny, w tym sezonowo podgrzewany, słodka woda: ok. 250 m², gł. 1,4 m i ok. 100 m²', 'basen dla dzieci, słodka woda, ok. 20 m², gł. ok. 0,4 m', 'przy basenach bezpłatne parasole i leżaki; ręczniki (kaucja: ok. 10 EUR, wymiana ok. 1 EUR/ręcznik)']}, {'Usługi': ['internet bezprzewodowy', 'pralnia', 'wypożyczalnia samochodów', 'wypożyczalnia rowerów', 'parking']}, {'Kontakt': ['0034/928517777', 'www.sbhfue.com']}]",True,"Wyspy Kanaryjskie, Lanzarote",Lanzarote,Wyspy Kanaryjskie,"[{'room_name': 'standardowy', 'capacity adults': 2, 'capacity_kids': 2, 'price': 753.4, 'baby price': 13.26, 'kid price': 44.34, 'teenager price': 50.97, 'avaliable_rooms': 12}, {'room_name': 'rodzinny', 'capacity adults': 4, 'capacity_kids': 2, 'price': 973.4, 'baby price': 28.21, 'kid price': 32.32, 'teenager price': 64.17, 'avaliable_rooms': 20}, {'room_name': 'rodzinny z widokiem na morze', 'capacity adults': 4, 'capacity_kids': 1, 'price': 1653.4, 'baby price': 29.18, 'kid price': 33.86, 'teenager price': 58.32, 'avaliable_rooms': 20}, {'room_name': 'standardowy z widokiem na morze', 'capacity adults': 2, 'capacity_kids': 0, 'price': 2209.4, 'baby price': 22.6, 'kid price': 49.07, 'teenager price': 63.15, 'avaliable_rooms': 8}]","[{'tour_type': 'standard', 'tour_surcharge': 0}, {'tour_type': 'All inclusive', 'tour_surcharge': 212}]"
Hotel Porto Demo,4,"[{'Ogólnie': ['czterogwiazdkowy', 'elegancki i stylowy', '130 pokoi, 7 budynków, 1 piętro', 'elegancki hol', 'całodobowa recepcja', 'parking', 'ogród', 'bezpłatny internet bezprzewodowy', 'występują schody i bariery technologiczne – nie jest polecany osobom z ograniczeniami ruchowymi', 'akceptowane karty kredytowe: Visa, MasterCard, American Express, Diners Club', 'hotel przyjmuje tylko gości powyżej 16. roku życia']}, {'Basen': ['basen, nieregularny kształt, ok. 120 m², gł. 1-1,4 m', 'przy basenie bezpłatne parasole i leżaki, ręczniki za kaucją']}, {'Sport i rozrywka': ['siłownia', '2 razy w tygodniu wieczór tematyczny z grecką muzyką na żywo']}, {'Usługi': ['lekarz na wezwanie']}, {'Kontakt': ['0030/6943292881', 'www.portodemocorfu.com']}]",True,"Grecja, Korfu",Korfu,Grecja,"[{'room_name': 'standardowy', 'capacity adults': 2, 'capacity_kids': 0, 'price': 376.76, 'baby price': 28.59, 'kid price': 38.69, 'teenager price': 77.63, 'avaliable_rooms': 9}, {'room_name': 'junior suite', 'capacity adults': 2, 'capacity_kids': 3, 'price': 830.76, 'baby price': 22.01, 'kid price': 43.14, 'teenager price': 79.52, 'avaliable_rooms': 13}, {'room_name': 'standardowy z widokiem na morze', 'capacity adults': 2, 'capacity_kids': 3, 'price': 1372.76, 'baby price': 10.87, 'kid price': 43.75, 'teenager price': 66.04, 'avaliable_rooms': 6}]","[{'tour_type': 'standard', 'tour_surcharge': 0}, {'tour_type': 'All inclusive', 'tour_surcharge': 328}]"
Hotel Kadikale Resort Spa & Wellness,5,"[{'Ogólnie': ['pięciogwiazdkowy', 'elegancki i nowoczesny', 'zbudowany w 1989 r., odnowiony w 2010 r.', '273 pokoje, 15 budynków, 2 piętra', 'przestronne lobby', 'całodobowa recepcja', 'centrum konferencyjne dla 200 osób', 'taras z widokiem na morze', 'ogród', 'bezpłatny internet bezprzewodowy w miejscach ogólnodostępnych', 'występują różnice poziomów – nie jest polecany osobom z ograniczeniami ruchowymi', 'akceptowane karty kredytowe: Visa, MasterCard, American Express']}, {'Basen': ['2 baseny, nieregularny kształt, słodka woda, gł. 1,4 m; ok. 650 m² i 380 m²', '2 brodziki dla dzieci, gł. 0,4 m', 'kaskada', '2 zjeżdżalnie', 'przy basenach bezpłatne parasole, leżaki i ręczniki']}, {'Sport i rozrywka': ['4 korty tenisowe (oświetlenie płatne; wypożyczenie sprzętu za kaucją)', 'tenis stołowy', 'centrum fitness z widokiem na morze', 'step', 'minigolf', 'siatkówka', 'koszykówka', 'kajaki', 'rowery wodne', 'plac i pokój zabaw dla dzieci', 'miniklub', 'animacje dla dorosłych i dzieci', 'za opłatą: banan, narty wodne, ringo']}, {'Spa': ['hammam', 'sauna', 'za opłatą: kąpiele termalne, aromaterapia, hydroterapia, zabiegi na twarz i ciało, masaże']}, {'Usługi': ['pralnia', 'fryzjer', 'jubiler', 'sklep z wyrobami ze skóry', 'minimarket']}, {'Kontakt': ['0090/2523823302', 'www.kadikaleresort.com']}]",False,"Turcja, Bodrum",Bodrum,Turcja,"[{'room_name': 'standardowy', 'capacity adults': 2, 'capacity_kids': 0, 'price': 360.1, 'baby price': 0, 'kid price': 0, 'teenager price': 0, 'avaliable_rooms': 16}, {'room_name': 'standardowy z widokiem na morze', 'capacity adults': 2, 'capacity_kids': 0, 'price': 734.1, 'baby price': 0, 'kid price': 0, 'teenager price': 0, 'avaliable_rooms': 7}]","[{'tour_type': 'standard', 'tour_surcharge': 0}, {'tour_type': 'All inclusive 24h', 'tour_surcharge': 293}]"
Hotel Angela Beach,3,"[{'Ogólnie': ['trzygwiazdkowy', 'elegancki i zadbany', 'zbudowany w 1995 r., odnowiony w 2018 r.', '400 pokoi, 12 budynków, do 2 pięter, 2 windy w budynku głównym', 'przestronne lobby', 'całodobowa recepcja', 'bezpłatny internet bezprzewodowy']}, {'Basen': ['3 baseny, słodka woda, w tym: prostokątny kształt, ok. 128 m², gł. 1-2,6 m', 'nieregularny kształt, 341 m², gł. 0,7-1,8 m', 'nieregularny kształt, 170 m², gł. 1,2 z 2 zjeżdżalniami', 'brodzik, słodka woda, gł. 0,6 m', 'przy basenach bezpłatne parasole i leżaki']}, {'Sport i rozrywka': ['tenis stołowy', 'siatkówka', 'wieczory z muzyką na żywo', 'występy folklorystyczne', 'plac zabaw dla dzieci.']}, {'Usługi': ['sejf w recepcji (ok. 15 EUR/tydz., 20 EUR/2 tyg.)']}, {'Kontakt': ['0039/2663031291', 'www.angelabeach.gr']}]",True,"Grecja, Korfu",Korfu,Grecja,"[{'room_name': 'superior', 'capacity adults': 2, 'capacity_kids': 2, 'price': 1422.28, 'baby price': 28.92, 'kid price': 49.93, 'teenager price': 54.06, 'avaliable_rooms': 14}, {'room_name': 'rodzinny', 'capacity adults': 2, 'capacity_kids': 3, 'price': 1656.28, 'baby price': 15.01, 'kid price': 37.77, 'teenager price': 70.96, 'avaliable_rooms': 12}]","[{'tour_type': 'standard', 'tour_surcharge': 0}, {'tour_type': 'All inclusive', 'tour_surcharge': 212}]"
Hotel Elpida Village,4,"[{'Ogólnie': ['czterogwiazdkowy', 'zadbany', 'zbudowany w 1980 r., odnowiony w 2013-2016 r.', '109 pokoi, 4 budynki, 3 piętra', 'lobby', 'całodobowa recepcja', 'ogród', 'taras z widokiem na morze', 'bezpłatny internet bezprzewodowy w lobby', 'występują różnice poziomów – nie jest polecany osobom z ograniczeniami ruchowymi', 'akceptowane karty kredytowe: Visa, MasterCard']}, {'Basen': ['basen, nieregularny kształt, słodka woda, ok. 140 m², gł. 1,8-2,8 m', 'brodzik, słodka woda, ok. 50 m², gł. 0,6-1,1 m', 'przy basenie bezpłatne leżaki', 'za opłatą: ręczniki (ok. 2 EUR/dzień, ok. 7 EUR/tydzień)']}, {'Sport i rozrywka': ['kort tenisowy', 'tenis stołowy', 'rzutki', 'pokój fitness', 'plac zabaw dla dzieci', 'polskie animacje (w okresie: lipiec-sierpień)', 'za opłatą: bilard']}, {'Usługi': ['punkt internetowy', 'room-service', 'opiekunka do dziecka', 'pralnia']}, {'Kontakt': ['0030/2841061403', 'www.elpidavillage.gr']}]",True,"Grecja, Kreta",Kreta,Grecja,"[{'room_name': 'standardowy', 'capacity adults': 2, 'capacity_kids': 0, 'price': 645.92, 'baby price': 23.58, 'kid price': 40.11, 'teenager price': 51.82, 'avaliable_rooms': 17}, {'room_name': 'superior', 'capacity adults': 2, 'capacity_kids': 1, 'price': 1013.92, 'baby price': 17.25, 'kid price': 42.29, 'teenager price': 55.24, 'avaliable_rooms': 12}, {'room_name': 'suite', 'capacity adults': 2, 'capacity_kids': 0, 'price': 1207.92, 'baby price': 10.59, 'kid price': 42.41, 'teenager price': 53.92, 'avaliable_rooms': 12}, {'room_name': 'suite z 2 sypialniami', 'capacity adults': 2, 'capacity_kids': 3, 'price': 2043.92, 'baby price': 23.53, 'kid price': 41.91, 'teenager price': 61.58, 'avaliable_rooms': 16}]","[{'tour_type': 'standard', 'tour_surcharge': 0}, {'tour_type': 'All inclusive', 'tour_surcharge': 226}]"
Hotel Fuerteventura Princess,4,"[{'Ogólnie': ['czterogwiazdkowy', 'zadbany', 'zbudowany w 2000 r., wyremontowany w 2014 i 2019 r. (m.in. pokoje, lobby, restauracja główna)', '432 pokoje, budynek główny i 13 budynków z pokojami, do 3 pięter', 'przestronne i eleganckie lobby', 'całodobowa recepcja', 'przechowalnia bagażu', 'parking niestrzeżony (ilość miejsc ograniczona)', 'sala konferencyjna dla maks. 200 osób', 'taras z widokiem na ocean', 'ogród', 'bezpłatny internet bezprzewodowy w wyznaczonych miejscach ogólnodostępnych', 'udogodnienia dla osób z niepełnosprawnościami', 'akceptowane karty kredytowe: Visa, MasterCard, Maestro']}, {'Basen': ['3 baseny, w tym 1 sezonowo podgrzewany, nieregularny kształt, ok. 900 m², ok. 720 m², 609 m², słodka woda', 'basen dla dzieci ze statkiem pirackim, podgrzewany, ok. 178 m²', 'przy basenach bezpłatne parasole i leżaki, bezpłatne ręczniki (2 razy w tygodniu bezpłatna wymiana; każda kolejna wymiana: ok. 2 EUR/ręcznik)']}, {'Sport i rozrywka': ['siłownia', 'tenis stołowy', 'petanka', 'boisko do siatkówki plażowej', 'plac zabaw dla dzieci', 'miniklub (4-12 lat)', 'teen klub (13-17 lat, czynny sezonowo) z bezpłatnym internetem bezprzewodowym i konsolami Play Station (za opłatą)', 'kilka razy w tygodniu animacje dla dorosłych i dzieci: zajęcia sportowe, programy rozrywkowe, wieczory z muzyką na żywo (program animacji i ich częstotliwość mogą ulec zmianie)', 'za opłatą: 4 korty tenisowe (wypożyczenie sprzętu i oświetlenie dodatkowo płatne), kort do padla, pokój gier, bilard, piłkarzyki']}, {'Spa': ['wstęp od 18 lat', 'basen podgrzewany', '2 jacuzzi', 'sauna', 'łaźnia turecka', 'za opłatą: łóżka balijskie, zabiegi i masaże w strefie wellness (wymagana wcześniejsza rezerwacja)']}, {'Usługi': ['lekarz na wezwanie', 'opiekunka do dziecka (na zapytanie)', 'pralnia', 'wypożyczalnia samochodów']}, {'Kontakt': ['0034/928544136', 'www.princess-hotels.com']}]",True,"Wyspy Kanaryjskie, Fuerteventura",Fuerteventura,Wyspy Kanaryjskie,"[{'room_name': 'standardowy', 'capacity adults': 2, 'capacity_kids': 3, 'price': 1247.93, 'baby price': 12.52, 'kid price': 40.45, 'teenager price': 62.14, 'avaliable_rooms': 5}, {'room_name': 'standardowy z bocznym widokiem na morze', 'capacity adults': 2, 'capacity_kids': 3, 'price': 1744.93, 'baby price': 21.65, 'kid price': 33.84, 'teenager price': 60.17, 'avaliable_rooms': 8}]","[{'tour_type': 'standard', 'tour_surcharge': 0}, {'tour_type': 'All inclusive', 'tour_surcharge': 370}]"
Hotel Grand Blue Fafa,5,"[{'Ogólnie': ['pięciogwiazdkowy', 'elegancki i nowoczesny', 'otwarty w czerwcu 2018 r.', '360 pokoi, 3 budynki, 6 pięter, 5 wind', 'przestronne, eleganckie lobby', 'całodobowa recepcja', 'parking', 'centrum konferencyjne dla 120 osób', 'bezpłatny internet bezprzewodowy', 'akceptowane karty kredytowe: Visa, MasterCard']}, {'Sport i rozrywka': ['siłownia']}, {'Basen': ['basen (czynny w sezonie letnim), słodka woda, nieregularny kształt, ok. 750 m², gł. 1,4 m', 'wydzielona część dla dzieci z wodnym placem zabaw (czynna w sezonie letnim), słodka woda, nieregularny kształt, ok. 80 m², gł. 1,4 m', 'brodzik (czynny w sezonie letnim), okrągły kształt, ok. 15 m², gł. 0,6 m', 'przy basenie bezpłatne parasole i leżaki']}, {'Spa': ['za opłatą: centrum wellness & spa: basen kryty, jacuzzi, sauna, hammam i łaźnia parowa (5 EUR/dzień), grota solna, masaże i zabiegi']}, {'Usługi': ['room-service']}, {'Kontakt': ['00355/697888849', 'www.grandbluefafa.al']}]",True,"Albania, Durres",Durres,Albania,"[{'room_name': 'standardowy', 'capacity adults': 2, 'capacity_kids': 3, 'price': 598.75, 'baby price': 17.62, 'kid price': 34.82, 'teenager price': 69.2, 'avaliable_rooms': 18}, {'room_name': 'promo', 'capacity adults': 2, 'capacity_kids': 2, 'price': 727.75, 'baby price': 22.23, 'kid price': 38.81, 'teenager price': 78.99, 'avaliable_rooms': 13}]","[{'tour_type': 'standard', 'tour_surcharge': 0}, {'tour_type': 'All inclusive', 'tour_surcharge': 259}]"
Hotel Golden Coast Family Resort,4,"[{'Ogólnie': ['czterogwiazdkowy', 'otwarty w czerwcu 2019 r.', '88 pokoi, 4 budynki, 1 piętro, 2 windy', 'przestronne lobby', 'całodobowa recepcja', 'sejf w recepcji', 'taras z widokiem na morze', 'bezpłatny internet bezprzewodowy w lobby', 'akceptowane karty kredytowe: Visa, MasterCard']}, {'Basen': ['basen, nieregularny kształt, słodka woda, ok. 93 m², gł. 1,3 m', 'basen, nieregularny kształt, słodka woda, ok. 82 m², gł. 1,3 m', 'zjeżdżalnie w 1 z basenów z wydzieloną częścią dla dzieci, ok. 7 m², gł. 0,4 m', 'przy basenach bezpłatne parasole i leżaki']}, {'Kontakt': ['0030/2294113000', 'www.goldencoastresort.gr']}]",True,"Grecja, Zakynthos",Zakynthos,Grecja,"[{'room_name': 'standardowy', 'capacity adults': 2, 'capacity_kids': 0, 'price': 1104.68, 'baby price': 28.54, 'kid price': 43.73, 'teenager price': 58.74, 'avaliable_rooms': 19}, {'room_name': 'rodzinny', 'capacity adults': 4, 'capacity_kids': 2, 'price': 1151.68, 'baby price': 25.68, 'kid price': 36.47, 'teenager price': 55.82, 'avaliable_rooms': 18}, {'room_name': 'junior suite', 'capacity adults': 4, 'capacity_kids': 2, 'price': 1694.68, 'baby price': 15.38, 'kid price': 33.85, 'teenager price': 67.58, 'avaliable_rooms': 12}, {'room_name': 'swim-up', 'capacity adults': 2, 'capacity_kids': 3, 'price': 2438.6800000000003, 'baby price': 22.23, 'kid price': 37.25, 'teenager price': 58.03, 'avaliable_rooms': 14}]","[{'tour_type': 'standard', 'tour_surcharge': 0}, {'tour_type': 'All inclusive', 'tour_surcharge': 233}]"
Hotel Blue Sea Beach Resort,4,"[{'Ogólnie': ['czterogwiazdkowy', 'zbudowany w 1976 r., sezonowo odnawiany', '480 pokoi, do 4 pięter, 3 windy, budynek główny, 2 budynki boczne oraz część Blue Sea Annex oddzielona ruchliwą ulicą od budynku głównego, całkowicie odnowiona, składająca się z jednopiętrowego budynku z recepcją, parterowych bungalowów – 68 pokoi', 'budynek główny: przestronne lobby, całodobowa recepcja', 'sala konferencyjna dla 100 osób', 'ogród', 'w obu częściach bezpłatny internet bezprzewodowy', 'akceptowane karty kredytowe: Visa, MasterCard']}, {'Sport i rozrywka': ['plac zabaw w części anex', 'sala fitness ze ścianka wspinaczkową', 'kort tenisowy z wypożyczalnią sprzętu', 'siatkówka plażowa', 'koszykówka', 'piłka nożna', 'siatkówka', 'tenis stołowy', 'siłownia', 'pokój i plac zabaw dla dzieci', 'miniklub', 'animacje dla dorosłych i dzieci']}, {'Basen': ['2 baseny, słodka woda, ok. 785 m², gł. 0,8 m, ok. 375 m², gł. 0,8-3 m', 'basen dla dzieci, słodka woda, ok. 24 m², gł. 0,6 m', 'basen w części annex, ok. 100 m², gł. 1,4 m', 'brodzik dla dzieci, ok. 10 m², gł. do 0,6 m', 'przy basenach bezpłatne parasole, leżaki i ręczniki']}, {'Spa': ['sauna', 'jacuzzi', 'za opłatą: kryty basen, słodka woda, ok. 70 m², gł. 0,9-2,3 m']}, {'Usługi': ['opiekunka do dziecka', 'fryzjer', 'minimarket', 'butik']}, {'Kontakt': ['0030/2241085512', 'www.blueseahotel.gr']}]",True,"Grecja, Rodos",Rodos,Grecja,"[{'room_name': 'standardowy w części annex\xa0', 'capacity adults': 2, 'capacity_kids': 2, 'price': 990.27, 'baby price': 14.42, 'kid price': 42.3, 'teenager price': 53.92, 'avaliable_rooms': 13}, {'room_name': 'superior w budynku głównym', 'capacity adults': 2, 'capacity_kids': 1, 'price': 1172.27, 'baby price': 16.33, 'kid price': 48.29, 'teenager price': 53.19, 'avaliable_rooms': 8}, {'room_name': 'maisonette w budynku głównym', 'capacity adults': 3, 'capacity_kids': 3, 'price': 1935.27, 'baby price': 28.0, 'kid price': 34.53, 'teenager price': 72.3, 'avaliable_rooms': 17}, {'room_name': 'superior w budynku głównym z widokiem na morze', 'capacity adults': 2, 'capacity_kids': 1, 'price': 2234.27, 'baby price': 20.83, 'kid price': 35.46, 'teenager price': 73.08, 'avaliable_rooms': 11}]","[{'tour_type': 'standard', 'tour_surcharge': 0}, {'tour_type': 'All inclusive', 'tour_surcharge': 358}]"
Hotel Club Esse Palmasera Resort,4,"[{'Ogólnie': ['czterogwiazdkowy', 'zadbany', 'zbudowany w 1973 r., odnowiony w 2004 r.', '426 pokoi, 1 piętro, kilka budynków rozmieszczonych w 3 częściach: L’hotel, Borgo, Villaggio', 'przestronne lobby', 'całodobowa recepcja', 'parking', 'ogród', 'bezpłatny internet bezprzewodowy w lobby (ograniczony zasięg)', 'na terenie hotelu występują różnice poziomów', 'akceptowane karty kredytowe: Visa, MasterCard']}, {'Sport i rozrywka': ['2 korty tenisowe z oświetleniem (płatne)', 'boisko do koszykówki', 'siatkówka plażowa', 'tenis stołowy', 'piłkarzyki', 'plac zabaw dla dzieci', 'minikluby: Infant Club (0-3 lat), Hero Camp (3-13 lat), Young Club (13-18 lat)', 'animacje dla dorosłych i dzieci (w terminie: 15.06-15.09): zajęcia taneczne, sportowe, muzyka na żywo, dyskoteka, amfiteatr']}, {'Basen': ['3 baseny, słona woda: basen główny, basen dla dzieci, basen w części Borgo (dostępny tylko dla Gości zakwaterowanych w części Borgo), wymagane noszenie czepków', 'przy basenach bezpłatne parasole i leżaki, za opłatą: ręczniki (ok. 3 EUR; wymagana kaucja: 10 EUR; każda zmiana: ok. 3 EUR)']}, {'Usługi': ['fryzjer', 'masaże', 'akceptowane zwierzęta domowe do 5 kg (wymagana opłata na miejscu: ok. 12 EUR/dzień)']}, {'Kontakt': ['0039/0645439344', 'www.clubesse.it']}]",True,"Włochy, Sardynia",Sardynia,Włochy,"[{'room_name': 'standardowy w części Villaggio', 'capacity adults': 2, 'capacity_kids': 1, 'price': 1084.88, 'baby price': 22.08, 'kid price': 42.62, 'teenager price': 55.44, 'avaliable_rooms': 17}, {'room_name': 'standardowy w części Borgo', 'capacity adults': 2, 'capacity_kids': 2, 'price': 1546.88, 'baby price': 21.52, 'kid price': 43.87, 'teenager price': 53.14, 'avaliable_rooms': 5}]","[{'tour_type': 'standard', 'tour_surcharge': 0}, {'tour_type': 'All inclusive', 'tour_surcharge': 232}]"
Hotel Salalah Rotana Resort,5,"[{'Ogólnie': ['pięciogwiazdkowy', 'luksusowy i nowoczesny', 'stylowa architektura arabska', 'zbudowany w 2014 r.', '400 pokoi, budynek główny z lobby i restauracjami, 9 budynków mieszkalnych, 2 piętra, 10 wind', 'przestronne i eleganckie lobby', 'całodobowa recepcja', 'sala konferencyjna dla 400 osób', 'taras z widokiem na palmowy ogród i kompleks basenowy', 'internet bezprzewodowy w miejscach ogólnodostępnych', 'akceptowane karty kredytowe: Visa, MasterCard, American Express']}, {'Sport i rozrywka': ['2 korty tenisowe', 'siłownia', 'siatkówka plażowa', 'plac i pokój zabaw dla dzieci', 'miniklub (3-12 lat)', 'muzyka na żywo', 'za opłatą: zabiegi pielęgnacyjne w centrum spa', 'ok. 500 m od hotelu Hawana Aqua Park - kilkanaście zjeżdżalni dla dzieci i dorosłych, w tym basen ze sztuczną falą (bezpłatny transfer co ok. 30 min.)']}, {'Basen': ['basen, słodka woda, ok. 1000 m², gł. ok. 1,6 m, sezonowo podgrzewany', 'brodzik dla dzieci, słodka woda, ok. 20 m², gł. ok. 0,4 m', 'przy basenie bezpłatne parasole, leżaki z materacami i ręczniki']}, {'Spa': ['za opłatą: zaprojektowane ze smakiem i nutą elegancji, szeroki wybór zabiegów kosmetycznych na twarz i ciało, manicure, pedicure, szeroki wybór masaży']}, {'Usługi': ['room-service', 'drogeria', 'pamiątki', 'kantor']}, {'Kontakt': ['0096/823275700', 'www.rotana.com']}]",True,"Oman, Salalah",Salalah,Oman,"[{'room_name': 'standardowy', 'capacity adults': 2, 'capacity_kids': 2, 'price': 786.62, 'baby price': 29.23, 'kid price': 38.08, 'teenager price': 67.74, 'avaliable_rooms': 19}, {'room_name': 'deluxe', 'capacity adults': 2, 'capacity_kids': 1, 'price': 1265.62, 'baby price': 25.34, 'kid price': 41.28, 'teenager price': 66.11, 'avaliable_rooms': 16}, {'room_name': 'koncept club rotana', 'capacity adults': 2, 'capacity_kids': 0, 'price': 1718.62, 'baby price': 12.86, 'kid price': 44.73, 'teenager price': 55.16, 'avaliable_rooms': 6}, {'room_name': 'studio', 'capacity adults': 2, 'capacity_kids': 2, 'price': 1999.62, 'baby price': 15.93, 'kid price': 41.66, 'teenager price': 65.47, 'avaliable_rooms': 15}]","[{'tour_type': 'standard', 'tour_surcharge': 0}, {'tour_type': 'All inclusive', 'tour_surcharge': 336}]"
Hotel Gran Canaria Princess,4,"[{'Ogólnie': ['czterogwiazdkowy', 'zbudowany w 1988 r., odnowiony w 2013 r.', '431 pokoi, 1 budynek, 7 pięter, 2 windy', 'przestronne lobby', 'całodobowa recepcja', 'przechowalnia bagażu', 'bankomat', 'taras', 'ogród', 'bezpłatny internet bezprzewodowy na terenie całego hotelu;', 'akceptowane karty kredytowe: Visa, MasterCard, American Express, Diners Club', 'hotel przyjmuje tylko gości powyżej 16. roku życia']}, {'Sport i rozrywka': ['siłownia', 'tenis stołowy', 'rzutki', 'petanka', 'bule', 'aqua aerobik', 'water polo', 'boisko wielofunkcyjne', 'animacje dla dorosłych', 'bogaty program rozrywkowy', 'muzyka na żywo (4 razy/tydz.)', 'dyskoteka', 'za opłatą: bilard']}, {'Basen': ['2 baseny, słodka woda, ok. 680 m² i ok. 330 m², sezonowo podgrzewany (listopad-kwiecień)', 'przy basenach bezpłatne parasole, leżaki i ręczniki (bezpłatna wymiana 2 razy/tydz.)']}, {'Spa': ['jacuzzi na zewnątrz', 'sauna fińska', 'łaźnia parowa', 'za opłatą: łóżka balijskie, fryzjer, zabiegi kosmetyczne']}, {'Usługi': ['sklep', 'kantor', 'wypożyczalnia samochodów']}, {'Kontakt': ['0034/928768132', 'www.princess-hotels.com']}]",True,"Wyspy Kanaryjskie, Gran Canaria",Gran Canaria,Wyspy Kanaryjskie,"[{'room_name': 'standardowy', 'capacity adults': 2, 'capacity_kids': 3, 'price': 687.85, 'baby price': 18.22, 'kid price': 37.91, 'teenager price': 74.13, 'avaliable_rooms': 7}]","[{'tour_type': 'standard', 'tour_surcharge': 0}, {'tour_type': 'All inclusive (za dopłatą)', 'tour_surcharge': 310}, {'tour_type': 'All inclusive plus (za dopłatą)', 'tour_surcharge': 250}]"
Hotel Amada Colossos Resort,5,"[{'Ogólnie': ['pięciogwiazdkowy', 'elegancki i stylowy', 'odnawiany w latach 2016-2018 (pokoje, lobby, restauracje, dobudowana część z pokojami typu suite)', '699 pokoi, 3 budynki: główny i 2 aneksy, do 8 pięter, 3 windy', 'przestronne lobby', 'całodobowa recepcja', 'parking', 'taras z widokiem na morze', 'bezpłatny internet bezprzewodowy', 'udogodnienia dla osób z niepełnosprawnościami', 'akceptowane karty kredytowe: Visa, MasterCard']}, {'Sport i rozrywka': ['kort tenisowy', 'plac i pokój zabaw dla dzieci', 'minikluby (6 m-cy-4 lata, 4-10 lat)', 'Teens Club (powyżej 10 lat)', 'animacje dla dorosłych i dzieci (zajęcia sportowe, wieczorne show, muzyka na żywo)', 'siłownia', 'oferta zewnętrzna: sporty wodne na plaży']}, {'Basen': ['basen główny, słodka woda, nieregularny kształt, ok. 2000 m², gł. do 1,4 m', 'hydromasaż', 'wydzielona część dla dzieci, słodka woda, ok. 50 m², gł. 0,4 m', 'przy basenie bezpłatne parasole, leżaki i ręczniki', 'aquapark: basen, słodka woda, nieregularny kształt, ok. 1200 m², gł. 1,4 m, 4 zjeżdżalnie, basen do siatkówki i koszykówki wodnej, basen ze zjeżdżalniami dla dzieci, fontanny']}, {'Spa': ['za opłatą: sauna, hammam, zabiegi na twarz i ciało, masaże']}, {'Usługi': ['room-service', 'opiekunka do dziecka (na zamówienie)', 'lekarz na wezwanie', 'minimarket', 'sklepik z pamiątkami', 'butik', 'pralnia']}, {'Kontakt': ['0030/2241085502', 'www.amadacolossosresort.com']}]",True,"Grecja, Rodos",Rodos,Grecja,"[{'room_name': 'standardowy', 'capacity adults': 2, 'capacity_kids': 3, 'price': 1135.06, 'baby price': 24.46, 'kid price': 35.74, 'teenager price': 65.69, 'avaliable_rooms': 6}, {'room_name': 'rodzinny', 'capacity adults': 3, 'capacity_kids': 3, 'price': 1139.06, 'baby price': 18.7, 'kid price': 34.11, 'teenager price': 78.03, 'avaliable_rooms': 15}, {'room_name': 'family studio', 'capacity adults': 3, 'capacity_kids': 0, 'price': 2053.06, 'baby price': 27.67, 'kid price': 30.46, 'teenager price': 57.37, 'avaliable_rooms': 12}, {'room_name': 'standardowy z widokiem na morze', 'capacity adults': 2, 'capacity_kids': 3, 'price': 2612.06, 'baby price': 15.93, 'kid price': 41.57, 'teenager price': 61.01, 'avaliable_rooms': 7}]","[{'tour_type': 'standard', 'tour_surcharge': 0}, {'tour_type': 'Ultra all inclusive', 'tour_surcharge': 291}]"
Hotel Odysee Resort,4,"[{'Ogólnie': ['czterogwiazdkowy', 'zadbany i elegancki', 'zbudowany w 1998 r., odnowiony w 2008 r.', '344 pokoje, budynek główny, 3 piętra, 5 wind', 'przestronne, eleganckie lobby', 'całodobowa recepcja', 'centrum konferencyjne dla 600 osób', 'ogród palmowy', 'bezpłatny internet bezprzewodowy w lobby', 'akceptowane karty kredytowe: Visa, MasterCard, American Express']}, {'Basen': ['basen, nieregularny kształt, słodka woda, ok. 1100 m², gł. 0,6-2 m', 'brodzik dla dzieci, słodka woda', 'basen termalny', 'przy basenach bezpłatne parasole, leżaki i materace']}, {'Sport i rozrywka': ['2 korty tenisowe', 'siatkówka plażowa', 'tenis stołowy', 'petanka', 'aerobik', 'aqua aerobik', 'minigolf', 'łucznictwo', 'plac zabaw dla dzieci', 'miniklub (4-12 lat)', 'dyskoteka Calypso (czynna od 22.30)', 'amfiteatr', 'animacje dla dorosłych i dzieci', 'gry', 'turnieje i zabawy sportowe w ciągu dnia', 'gry planszowe', 'wieczorne przedstawienia', 'za opłatą: jazda konna, quady, rowery, skutery, golf (30 km od hotelu; oferta zewnętrzna), sporty wodne (oferta zewnętrzna): windsurfing, kajaki, katamarany']}, {'Spa': ['o powierzchni ok. 2500 m²', 'za opłatą: kryty basen, podgrzewany, słona woda, talasoterapia, masaże, masaże gorącymi kamieniami, hydromasaże, okłady z wodorostów, okłady błotne, bicze wodne, krioterapia, ultradźwięki, siłownia, 35 kabin do masażu, 7 kabin spa, jacuzzi i pokój relaksacyjny, sala do ćwiczeń cardio, tradycyjny orientalny hammam w 2 pokojach prywatnych, juice-bar']}, {'Usługi': ['punkt internetowy', 'kantor', 'sklep z biżuterią', 'sklep z tytoniem', 'pralnia chemiczna', 'wypożyczalnia samochodów']}, {'Kontakt': ['00216/75705705', 'www.odyssee-resort.com']}]",True,"Tunezja, Djerba",Djerba,Tunezja,"[{'room_name': 'standardowy', 'capacity adults': 2, 'capacity_kids': 3, 'price': 606.15, 'baby price': 11.99, 'kid price': 40.3, 'teenager price': 79.07, 'avaliable_rooms': 5}, {'room_name': 'rodzinny', 'capacity adults': 2, 'capacity_kids': 2, 'price': 1000.15, 'baby price': 10.62, 'kid price': 49.65, 'teenager price': 77.37, 'avaliable_rooms': 14}]","[{'tour_type': 'standard', 'tour_surcharge': 0}, {'tour_type': 'All inclusive', 'tour_surcharge': 315}]"
Hotel Presa Di Finica (ex. Fun & Sun Club Di Finica),5,"[{'Ogólnie': ['pięciogwiazdkowy', 'komfortowy', 'zbudowany w 2002 r., częściowo odnowiony w 2022/2023 r. (pokoje w anexie)', '2 budynki: budynek główny (52 pokoje typu deluxe oraz suite) oraz anex (245 pokoi standardowych), 5 pięter, 5 wind', 'całodobowa recepcja', 'centrum konferencyjne dla 600 osób', 'bezpłatny internet bezprzewodowy w miejscach ogólnodostępnych', 'akceptowane karty kredytowe: Visa, MasterCard']}, {'Basen': ['baseny, słodka woda: główny, ok. 1100 m², gł. 1,5 m, basen, ok. 450 m²,\xa04 zjeżdżalnie, basen dla dzieci na plaży, ok. 50 m², gł. 0,3 m, basen relaksacyjny (dla osób powyżej 18. roku życia), ok. 150 m², gł. 1,5 m', 'brodzik, ok. 50 m², gł. 0,3 m,', 'przy basenach bezpłatne parasole, leżaki i ręczniki, cabany (płatne)']}, {'Sport i rozrywka': ['3 korty tenisowe z płatnym oświetleniem i wypożyczalnią sprzętu (depozyt)', 'tenis stołowy', 'piłka nożna', 'minigolf', 'aerobik', 'gimnastyka w wodzie', 'step', 'rzutki', 'siłownia', 'miniklub (4-12 lat)', 'minidisco dla dzieci', 'kino dla dzieci', 'animacje dla dorosłych i dzieci', 'przedstawienia', 'za opłatą: nauka gry w tenisa, bilard, pokój gier, dyskoteka']}, {'Spa': ['basen kryty, ok. 80 m², gł. 1,5 m', 'sauna', 'hammam', 'za opłatą: masaże i zabiegi pielęgnacyjne']}, {'Usługi': ['room-service', 'lekarz na wezwanie', 'opiekunka do dziecka', 'fryzjer', 'pralnia', 'minimarket']}, {'Kontakt': ['0090/2423237286', 'www.presadifinica.com.tr']}]",True,"Turcja, Finike",Finike,Turcja,"[{'room_name': 'standardowy', 'capacity adults': 2, 'capacity_kids': 0, 'price': 1155.92, 'baby price': 15.55, 'kid price': 47.04, 'teenager price': 52.41, 'avaliable_rooms': 17}]","[{'tour_type': 'standard', 'tour_surcharge': 0}, {'tour_type': 'All inclusive 24h', 'tour_surcharge': 384}]"
Hotel Giannoulis Cavo Spada Luxury Sports & Leisure Resort,5,"[{'Ogólnie': ['pięciogwiazdkowy', 'luksusowy', 'oddany do użytku w 2008 r.', '150 pokoi, 3 budynki, 1 piętro, 3 windy', 'duże i eleganckie lobby', 'całodobowa recepcja', '2 sale konferencyjne z pełnym wyposażeniem dla 500 osób', 'taras z widokiem na basen i morze', 'ogród', 'udogodnienia dla osób z niepełnosprawnościami', 'akceptowane karty kredytowe: Visa, MasterCard, American Express']}, {'Basen': ['basen, nieregularny kształt, słodka woda, ok. 1700 m², gł. 1,1 m', 'brodzik dla dzieci', 'przy basenie bezpłatne parasole, leżaki i ręczniki']}, {'Sport i rozrywka': ['aerobik', 'ścieżka do joggingu', 'miniklub (4-11 lat)', 'za opłatą: 2 korty tenisowe (ok. 10 EUR/godz.) z wypożyczalnią sprzętu, oświetlenie kortu (ok. 15 EUR/godz.), siłownia (ok. 10 EUR/wstęp), oferta zewnętrzna: nurkowanie, jazda konna, windsurfing, kitesurfing']}, {'Spa': ['za opłatą: kryty basen, słodka woda, gł. 1,4 m (wstęp ok. 10 EUR), jacuzzi (ok. 10 EUR), sauna (ok. 10 EUR), łaźnia turecka, pokój relaksacyjny, masaże, manicure i pedicure']}, {'Usługi': ['internet bezprzewodowy w lobby (ok. 30 EUR/tydz., ok. 50 EUR/2 tyg.)', 'punkt internetowy (ok. 0,15 EUR/10 min)', 'room-service', 'lekarz na wezwanie', 'opiekunka do dziecka (na zamówienie)', 'fryzjer', 'pralnia', 'minimarket', 'kiosk', 'wypożyczalnia rowerów']}, {'Kontakt': ['0030/2824022121', 'www.giannoulishotels.com']}]",True,"Grecja, Kreta",Kreta,Grecja,"[{'room_name': 'standardowy', 'capacity adults': 2, 'capacity_kids': 3, 'price': 1216.69, 'baby price': 28.49, 'kid price': 40.86, 'teenager price': 76.7, 'avaliable_rooms': 19}, {'room_name': 'rodzinny', 'capacity adults': 2, 'capacity_kids': 3, 'price': 1374.69, 'baby price': 23.03, 'kid price': 41.86, 'teenager price': 77.26, 'avaliable_rooms': 14}, {'room_name': 'standardowy z widokiem na morze', 'capacity adults': 2, 'capacity_kids': 0, 'price': 1782.69, 'baby price': 27.75, 'kid price': 37.84, 'teenager price': 63.31, 'avaliable_rooms': 8}, {'room_name': 'standardowy z bocznym widokiem na morze', 'capacity adults': 2, 'capacity_kids': 2, 'price': 2679.69, 'baby price': 18.07, 'kid price': 48.13, 'teenager price': 76.51, 'avaliable_rooms': 5}]","[{'tour_type': 'standard', 'tour_surcharge': 0}, {'tour_type': 'All inclusive', 'tour_surcharge': 286}, {'tour_type': 'Ultra all inclusive (za dopłatą)', 'tour_surcharge': 343}]"
Hotel Aeria,3,"[{'Ogólnie': ['trzygwiazdkowy', 'zbudowany w 1993 r., odświeżony wystrój pokoi w 2011 r. (wymiana mebli w pokojach)', '54 pokoje, 3 budynki – bungalowy, 2 piętra', 'hol', 'całodobowa recepcja', 'taras z widokiem na morze', 'ogród', 'bezpłatny internet bezprzewodowy', 'występują różnice poziomów', 'akceptowane karty kredytowe: Visa, MasterCard', 'możliwość zakwaterowania online (https://checkin.aeolis-thassos.gr/)']}, {'Basen': ['basen, prostokątny kształt, słodka woda, ok. 150 m², gł. 1-2,2 m', 'przy basenie bezpłatne parasole i leżaki', 'za opłatą: ręczniki (wypożyczenie: ok. 5 EUR)']}, {'Sport i rozrywka': ['w sąsiednim hotelu Aeolis: siłownia, plac zabaw dla dzieci', 'za opłatą: kort tenisowy (ok. 10 EUR/godz.) z wypożyczalnią sprzętu']}, {'Usługi': ['punkt internetowy (ok. 2 EUR/godz.)']}, {'Kontakt': ['0030/2593051831', 'www.aeria.gr']}]",True,"Grecja, Thassos",Thassos,Grecja,"[{'room_name': 'standardowy', 'capacity adults': 2, 'capacity_kids': 0, 'price': 402.56, 'baby price': 10.45, 'kid price': 34.55, 'teenager price': 75.74, 'avaliable_rooms': 13}, {'room_name': 'suite', 'capacity adults': 4, 'capacity_kids': 0, 'price': 653.56, 'baby price': 27.28, 'kid price': 40.46, 'teenager price': 72.19, 'avaliable_rooms': 11}]","[{'tour_type': 'standard', 'tour_surcharge': 0}, {'tour_type': 'All inclusive', 'tour_surcharge': 206}]"
Hotel Oasis Atlantico Belorizonte,4,"[{'Ogólnie': ['czterogwiazdkowy', 'zbudowany w 1991 r.', 'częściowo odnowiony w 2019 r.', '60 pokoi w budynku głównym i 370 pokoi w bungalowach', 'wśród egzotycznej roślinności', 'lobby', 'całodobowa recepcja', 'sklep z pamiątkami', 'sala konferencyjna dla ok. 200 os.', 'bezpłatny internet bezprzewodowy w lobby i w miejscach ogólnodostępnych', 'za opłatą: wypożyczalnia samochodów; udogodnienia dla osób z niepełnosprawnościami', 'akceptowane karty kredytowe: Visa.']}, {'Sport i rozrywka': ['kort tenisowy', 'tenis stołowy', 'centrum fitness', 'aerobik', 'siatkówka plażowa', 'piłka plażowa', 'aqua aerobik', 'plac zabaw dla dzieci', 'miniklub', 'dzienne i wieczorne animacje dla dorosłych i dzieci', 'wieczorny show', 'pokazy tańca', 'muzyka na żywo', 'za opłatą: centrum wellness, sporty wodne na plaży']}, {'Basen': ['3 baseny, słodka woda, gł. 1,2-2,2 m', '3 brodziki dla dzieci, słodka woda, gł. 0,3-0,6 m', 'przy basenach bezpłatne parasole, leżaki i ręczniki']}, {'Usługi': ['punkt internetowy', 'sklep z pamiątkami', 'wypożyczalnia samochodów']}, {'Kontakt': ['0023/82421045', 'www.oasisatlantico.com']}]",True,"Wyspy Zielonego Przylądka, Sal",Sal,Wyspy Zielonego Przylądka,"[{'room_name': 'comfort bungalow', 'capacity adults': 2, 'capacity_kids': 2, 'price': 320.08, 'baby price': 29.77, 'kid price': 32.62, 'teenager price': 68.11, 'avaliable_rooms': 15}, {'room_name': 'deluxe bungalow', 'capacity adults': 2, 'capacity_kids': 2, 'price': 709.0799999999999, 'baby price': 22.84, 'kid price': 35.67, 'teenager price': 51.11, 'avaliable_rooms': 10}, {'room_name': 'deluxe w budynku głównym', 'capacity adults': 2, 'capacity_kids': 2, 'price': 958.0799999999999, 'baby price': 17.65, 'kid price': 37.85, 'teenager price': 58.72, 'avaliable_rooms': 8}]","[{'tour_type': 'standard', 'tour_surcharge': 0}, {'tour_type': 'All inclusive', 'tour_surcharge': 370}]"
Hotel Poseidon Beach,3,"[{'Ogólnie': ['trzygwiazdkowy', 'zadbany', 'zbudowany w 1989 r.', 'odnowiony w 2002 r. i częściowo odnowiony w 2023 r.', '249 pokoi', 'szereg 3-piętrowych budynków', '2 piętra', 'winda', 'przestronne lobby', 'całodobowa recepcja', 'restauracja – dania w formie bufetu, kuchnia grecka i międzynarodowa, dostępne foteliki dla dzieci, podczas kolacji obowiązuje strój formalny (panowie – długie spodnie)', 'bar przy basenie', 'bar bliżej plaży; taras z widokiem na basen', 'ogród;', 'za opłatą: internet bezprzewodowy (ok. 10 EUR/tydz.), lekarz na wezwanie, opiekunka na zapytanie, pralnia;', 'występują różnice poziomów – nie jest polecany osobom z ograniczeniami ruchowymi; akceptowane karty kredytowe: Visa, MasterCard.']}, {'Sport i rozrywka': ['tenis stołowy', 'rzutki', 'plac i pokój zabaw dla dzieci', 'miniklub (4-12 lat)', 'animacje przy basenie: gry, zabawy i zajęcia sportowe']}, {'Basen': ['basen, nieregularny kształt, słodka woda, ok. 220 m², gł. 1,5-3 m, hydromasaż', 'wydzielona część dla dzieci, gł. 0,6 m', 'brodzik, gł. 0,9 m', 'przy basenie bezpłatne parasole, leżaki i materace']}, {'Usługi': ['internet bezprzewodowy (ok. 10 EUR/tydz.)', 'lekarz na wezwanie', 'opiekunka na zapytanie', 'pralnia']}, {'Kontakt': ['0030/2695051827', 'www.poseidon-zakynthos.gr']}]",True,"Grecja, Zakynthos",Zakynthos,Grecja,"[{'room_name': 'standardowy', 'capacity adults': 2, 'capacity_kids': 1, 'price': 1026.48, 'baby price': 19.13, 'kid price': 32.89, 'teenager price': 79.81, 'avaliable_rooms': 12}, {'room_name': 'standardowy z bocznym widokiem na morze', 'capacity adults': 2, 'capacity_kids': 3, 'price': 1359.48, 'baby price': 29.94, 'kid price': 31.31, 'teenager price': 51.7, 'avaliable_rooms': 14}]","[{'tour_type': 'standard', 'tour_surcharge': 0}, {'tour_type': 'All inclusive', 'tour_surcharge': 399}]"
Hotel Gaia Royal,4,"[{'Ogólnie': ['czterogwiazdkowy', 'elegancki', 'zbudowany w 1999 r.', 'odnowiony w 2010 i 2018 r.', '311 pokoi', 'budynek główny z kilkunastoma bungalowami', '2 piętra', 'duże lobby', 'całodobowa recepcja', 'minimarket wielobranżowy: art. spożywcze, kosmetyczne, pamiątki', 'taras z widokiem na ogród i morze', 'duży ogród z bujną roślinnością śródziemnomorską', 'bezpłatny internet bezprzewodowy', 'akceptowane karty kredytowe: Visa, MasterCard']}, {'Basen': ['2 baseny, słodka woda, ok. 500 m², gł. 0,5-1,6 m, 200 m², gł. 0,5-1,6 m', 'basen dla dzieci, ok. 450 m², gł. do 0,8 m', 'przy basenach bezpłatne parasole i leżaki, ręczniki za kaucją (ok. 10 EUR/szt.)']}, {'Sport i rozrywka': ['kort tenisowy z wypożyczalnią sprzętu za kaucją (ok. 10 EUR/rakieta)', 'koszykówka', 'siatkówka', 'siłownia', 'plac i pokój zabaw dla dzieci', 'miniklub (4-12 lat)', 'dyskoteka', 'animacje dla dzieci i dorosłych (czerwiec-wrzesień)', 'za opłatą: bilard (ok. 1 EUR/gra)']}, {'Spa': ['za opłatą: możliwość korzystania ze spa w siostrzanym hotelu Gaia Palace']}, {'Usługi': ['minimarket wielobranżowy: art. spożywcze, kosmetyczne, pamiątki']}, {'Kontakt': ['0030/2242041033,', 'www.gaia-hotels.com']}]",True,"Grecja, Kos",Kos,Grecja,"[{'room_name': 'standardowy', 'capacity adults': 2, 'capacity_kids': 1, 'price': 1157.07, 'baby price': 28.53, 'kid price': 46.97, 'teenager price': 57.08, 'avaliable_rooms': 8}, {'room_name': 'rodzinny', 'capacity adults': 5, 'capacity_kids': 2, 'price': 1477.07, 'baby price': 10.07, 'kid price': 42.88, 'teenager price': 56.09, 'avaliable_rooms': 8}, {'room_name': 'superior', 'capacity adults': 2, 'capacity_kids': 1, 'price': 1893.07, 'baby price': 20.1, 'kid price': 47.82, 'teenager price': 73.97, 'avaliable_rooms': 19}, {'room_name': 'rodzinny superior', 'capacity adults': 4, 'capacity_kids': 2, 'price': 2303.0699999999997, 'baby price': 22.04, 'kid price': 43.8, 'teenager price': 67.24, 'avaliable_rooms': 15}, {'room_name': 'superior z bocznym widokiem na morze', 'capacity adults': 2, 'capacity_kids': 0, 'price': 2932.0699999999997, 'baby price': 21.19, 'kid price': 38.27, 'teenager price': 67.74, 'avaliable_rooms': 8}, {'room_name': 'rodzinny superior z bocznym widokiem na morze', 'capacity adults': 4, 'capacity_kids': 2, 'price': 3591.0699999999997, 'baby price': 24.47, 'kid price': 35.36, 'teenager price': 57.53, 'avaliable_rooms': 17}]","[{'tour_type': 'standard', 'tour_surcharge': 0}, {'tour_type': 'All inclusive', 'tour_surcharge': 272}]"
Hotel Zante Park Resort & SPA – BW Premier Collection,5,"[{'Ogólnie': ['pięciogwiazdkowy', 'elegancki i nowoczesny', 'zbudowany w 1991 r., częściowo odnowiony w 2016 r.', '135 pokoi, budynek główny i aneks oddzielony uliczką, 3 piętra, 4 windy', 'eleganckie lobby', 'całodobowa recepcja', 'sala konferencyjna dla 150 osób', 'bezpłatny internet bezprzewodowy w lobby', 'akceptowane karty kredytowe: Visa, MasterCard, American Express', 'przy zakwaterowaniu wymagany depozyt (płatny w gotówce lub blokowany na karcie kredytowej) na poczet wymaganych wydatków w hotelu: ok. 50 EUR/pokój']}, {'Sport i rozrywka': ['polskie animacje (w okresie: lipiec-sierpień)']}, {'Basen': ['basen, słodka woda, ok. 200 m², gł. ok. 1,1-2,1 m', 'basen relaksacyjny', 'przy basenach bezpłatne parasole, leżaki i ręczniki']}, {'Usługi': ['opiekunka do dziecka (na zapytanie)', 'fryzjer (na zapytanie)', 'masaże (na zapytanie)']}, {'Kontakt': ['0030/2695052310', 'www.zanteparkhotels.gr']}]",True,"Grecja, Zakynthos",Zakynthos,Grecja,"[{'room_name': 'standardowy', 'capacity adults': 2, 'capacity_kids': 0, 'price': 684.23, 'baby price': 24.33, 'kid price': 48.66, 'teenager price': 59.14, 'avaliable_rooms': 6}]","[{'tour_type': 'standard', 'tour_surcharge': 0}, {'tour_type': 'All inclusive', 'tour_surcharge': 355}]"
Hotel Aeolos Beach Resort,4,"[{'Ogólnie': ['czterogwiazdkowy', 'zadbany', 'zbudowany w 1974 r., odnowiony w 2016 r., pokoje częściowo odnowione zimą 2015/2016 r.', '333 pokoje, budynek główny i bungalowy, 2 piętra, 2 windy', 'przestronne i eleganckie lobby', 'całodobowa recepcja', 'ogród', 'taras z widokiem na morze', 'bezpłatny internet bezprzewodowy w lobby', 'w hotelu występują różnice poziomów – niepolecany osobom z ograniczeniami ruchowymi', 'akceptowane karty kredytowe: Visa, MasterCard, American Express']}, {'Basen': ['basen rodzinny, słodka woda, ok. 100 m², gł. 0,4-1,4 m', 'wydzielony brodzik dla dzieci, słodka woda, ok. 15 m², gł. 0,5 m', 'basen typu infinity, nieregularny kształt, słodka woda, ok. 300 m², gł. 1,4 m', 'przy basenach bezpłatne parasole i leżaki, ręczniki za kaucją (10 EUR/szt.)']}, {'Sport i rozrywka': ['kort tenisowy', 'tenis stołowy', 'boccia', 'siatkówka plażowa', 'piłka wodna', 'rzutki', 'sauna', 'sala fitness', 'animacje dla dorosłych i dzieci, gry i zabawy sportowo–rekreacyjne', 'polskie animacje (w terminie: 01.07-15.09)', 'raz w tygodniu wieczór grecki', 'plac i pokój zabaw dla dzieci', 'miniklub (4-12 lat)']}, {'Spa': ['za opłatą: masaże, zabiegi pielęgnacyjne']}, {'Usługi': ['opiekunka do dziecka', 'minimarket', 'sklep z pamiątkami, kosmetykami i gazetami']}, {'Kontakt': ['0030/02661033133', 'www.aeolosbeach.gr']}]",True,"Grecja, Korfu",Korfu,Grecja,"[{'room_name': 'standardowy', 'capacity adults': 2, 'capacity_kids': 0, 'price': 1211.66, 'baby price': 27.35, 'kid price': 39.35, 'teenager price': 74.84, 'avaliable_rooms': 18}, {'room_name': 'rodzinny', 'capacity adults': 2, 'capacity_kids': 0, 'price': 1235.66, 'baby price': 16.31, 'kid price': 46.26, 'teenager price': 70.93, 'avaliable_rooms': 13}, {'room_name': 'standardowy z widokiem na morze', 'capacity adults': 2, 'capacity_kids': 0, 'price': 1900.66, 'baby price': 17.67, 'kid price': 35.35, 'teenager price': 73.75, 'avaliable_rooms': 14}]","[{'tour_type': 'standard', 'tour_surcharge': 0}, {'tour_type': 'All inclusive', 'tour_surcharge': 318}]"
Hotel AP Cabanas Beach & Nature,4,"[{'Ogólnie': ['czterogwiazdkowy', 'nowoczesny', 'zbudowany w 2021 r.', '181 apartamentów, 1 budynek, 4 piętra, 2 windy', 'hol', 'całodobowa recepcja', 'biuro informacji turystycznej', 'przechowalnia bagażu', 'sala konferencyjna dla ok. 200 osób', 'taras', 'ogród', 'bezpłatny internet bezprzewodowy na terenie hotelu', 'udogodnienia dla osób z niepełnosprawnościami', 'akceptowane karty kredytowe: Visa, MasterCard', 'hotel przyjmuje tylko gości powyżej 14. roku życia']}, {'Basen': ['basen, słodka woda', 'przy basenie bezpłatne parasole, leżaki i ręczniki']}, {'Sport i rozrywka': ['za opłatą (oferta zewnętrzna): nurkowanie, wędkowanie, pole golfowe ok. 3 km od hotelu']}, {'Spa': ['za opłatą: masaże, zabiegi na twarz i ciało, pakiety spa']}, {'Usługi': ['sejf w recepcji (ok. 2,5 EUR/dzień, ok. 15 EUR/tydz.)', 'parking podziemny z 12 stacjami ładowania elektrycznego (wymagana wcześniejsza rezerwacja)', 'pralnia', 'wypożyczalnia samochodów']}, {'Kontakt': ['0351/289540105', 'www.ap-hotelsresorts.com']}]",True,"Portugalia, Algarve",Algarve,Portugalia,"[{'room_name': 'standardowy', 'capacity adults': 2, 'capacity_kids': 1, 'price': 1067.16, 'baby price': 18.14, 'kid price': 42.25, 'teenager price': 78.55, 'avaliable_rooms': 15}, {'room_name': 'standardowy z widokiem na rzekę', 'capacity adults': 2, 'capacity_kids': 3, 'price': 1294.16, 'baby price': 14.77, 'kid price': 39.9, 'teenager price': 77.98, 'avaliable_rooms': 10}, {'room_name': 'standardowy z widokiem na basen', 'capacity adults': 2, 'capacity_kids': 1, 'price': 1750.16, 'baby price': 28.69, 'kid price': 45.56, 'teenager price': 76.49, 'avaliable_rooms': 5}]","[{'tour_type': 'standard', 'tour_surcharge': 0}, {'tour_type': 'All inclusive', 'tour_surcharge': 355}]"
Hotel Titanic Beach Spa & Aqua Park,5,"[{'Ogólnie': ['pięciogwiazdkowy', 'otwarty w 2007 r., rozszerzony o siostrzany hotel Titanic Palace w 2010 r.', '608 pokoi, 2 budynki, 2 piętra, winda', 'lobby', 'całodobowa recepcja', 'sala konferencyjna dla 400 os.', 'bezpłatny internet bezprzewodowy', 'udogodnienia dla os. z niepełnosprawnościami', 'akceptowane karty kredytowe: Visa, MasterCard, American Express']}, {'Basen': ['duży kompleks basenowy, w tym basen podgrzewany w sezonie zimowym, brodzik dla dzieci, słodka woda, łącznie ok. 16 000 m²', 'aquapark z 16 zjeżdżalniami', 'basen ze sztuczną falą, leniwa rzeka', 'przy basenach bezpłatne parasole, leżaki i ręczniki']}, {'Sport i rozrywka': ['2 korty tenisowe (oświetlenie płatne)', 'tenis stołowy', 'fitness', 'piłka plażowa', 'minigolf', 'bule', 'plac i pokój zabaw dla dzieci', 'miniklub (4‑12 lat)', 'minidisco', 'programy animacyjne dla dorosłych i dzieci, w ciągu dnia i wieczorem', 'dyskoteka (napoje płatne)', 'za opłatą: bilard, kręgielnia, centrum nurkowe (oferta zewnętrzna)']}, {'Spa': ['siłownia', 'za opłata: jacuzzi, hammam, sauna, masaże, zabiegi kosmetyczne']}, {'Usługi': ['lekarz na wezwanie', 'fryzjer', 'pralnia', 'bankomat', 'sklepy różnych branży: pamiątki, książki, odzież']}, {'Kontakt': ['0020/653461420', 'www.titanicgroup.com']}]",True,"Egipt, Hurghada",Hurghada,Egipt,"[{'room_name': 'standardowy', 'capacity adults': 2, 'capacity_kids': 0, 'price': 1443.3, 'baby price': 24.25, 'kid price': 46.2, 'teenager price': 61.95, 'avaliable_rooms': 13}, {'room_name': 'rodzinny', 'capacity adults': 2, 'capacity_kids': 1, 'price': 1787.3, 'baby price': 21.05, 'kid price': 37.91, 'teenager price': 66.97, 'avaliable_rooms': 16}]","[{'tour_type': 'standard', 'tour_surcharge': 0}, {'tour_type': 'All inclusive 24h', 'tour_surcharge': 362}]"
Hotel Smy Kos Beach & Splash,4,"[{'Ogólnie': ['czterogwiazdkowy', 'zbudowany w 1991 r., częściowo odnowiony w 2021 r.', '276 pokoi, budynek główny i budynki z pokojami, 3 piętra', 'przestronne lobby', 'całodobowa recepcja', 'sala TV', 'wypożyczalnia rowerów', 'taras z widokiem na basen i morze', 'ogród ze śródziemnomorską roślinnością', 'bezpłatny internet bezprzewodowy', 'na terenie hotelu występują schody i różnice poziomów – nie jest polecany osobom z ograniczeniami ruchowymi', 'akceptowane karty kredytowe: Visa, MasterCard']}, {'Basen': ['2 baseny, nieregularny kształt, słodka woda: ok. 650 m², gł. 0,6-3,5 m i infinity, ok. 250 m², gł. 0,6-2,5 m, brodzik, słodka woda, ok. 40 m², gł. 0,4 m', 'wodny plac zabaw dla dzieci', 'przy basenach bezpłatne parasole i leżaki', 'ręczniki za kaucją (5 EUR/ręcznik);']}, {'Sport i rozrywka': ['2 korty tenisowe z wypożyczalnią sprzętu (za kaucją)', 'joga, aqua aerobik', 'taniec, siatkówka plażowa', 'tenis stołowy', 'rzutki', 'siłownia', 'pokój do gry w karty', 'sala TV, boccia; miniklub (4-12 lat)', 'animacje dla dorosłych i dzieci', 'wypożyczalnia rowerów', 'za opłatą: bilard (ok. 4 EUR/godz.).']}, {'Usługi': ['minimarket', 'sklep z pamiątkami']}, {'Kontakt': ['0030/2111992754', 'www.smyhotels.com/en/smy-kos-beach']}]",True,"Grecja, Kos",Kos,Grecja,"[{'room_name': 'standardowy', 'capacity adults': 2, 'capacity_kids': 3, 'price': 517.11, 'baby price': 25.6, 'kid price': 36.69, 'teenager price': 74.08, 'avaliable_rooms': 14}, {'room_name': 'standardowy z widokiem na morze', 'capacity adults': 2, 'capacity_kids': 0, 'price': 872.11, 'baby price': 10.55, 'kid price': 31.0, 'teenager price': 69.39, 'avaliable_rooms': 10}, {'room_name': 'junior suite', 'capacity adults': 2, 'capacity_kids': 0, 'price': 1082.1100000000001, 'baby price': 11.16, 'kid price': 42.83, 'teenager price': 65.95, 'avaliable_rooms': 13}, {'room_name': 'superior bungalow', 'capacity adults': 2, 'capacity_kids': 0, 'price': 1706.1100000000001, 'baby price': 17.42, 'kid price': 30.06, 'teenager price': 62.55, 'avaliable_rooms': 14}]","[{'tour_type': 'standard', 'tour_surcharge': 0}, {'tour_type': 'All inclusive', 'tour_surcharge': 361}]"
Hotel Ilusion Vista Blava,3,"[{'Ogólnie': ['trzygwiazdkowy', 'zbudowany w 1970 r., całkowicie odnowiony w 2017 r.', '125 pokoi, 1 budynek, 4 piętra, 2 windy', 'przestronne lobby', 'całodobowa recepcja', 'sala telewizyjna', 'przechowalnia bagażu', 'taras przy basenie', 'mały ogród', 'bezpłatny internet bezprzewodowy', 'akceptowane karty kredytowe: Visa, MasterCard']}, {'Sport i rozrywka': ['rzutki', 'bule', 'gry planszowe', 'tenis stołowy', 'codziennie animacje dla dorosłych i dzieci (gry i zabawy przy basenie, aerobik, minidisco, występy wieczorne na żywo)', 'za opłatą: bilard, sporty wodne na plaży (oferta zewnętrzna)']}, {'Basen': ['basen, nieregularny kształt, słodka woda, ok. 90 m², gł. 0,5-1,9 m', 'brodzik dla dzieci, słodka woda, ok. 10 m², gł. 0,6 m', 'przy basenie bezpłatne parasole i leżaki']}, {'Usługi': ['punkt internetowy', 'pralnia', 'kiosk z gazetami', 'wypożyczalnia rowerów']}, {'Kontakt': ['0034/871704306', 'www.ilusionhotels.com']}]",True,"Hiszpania, Majorka",Majorka,Hiszpania,"[{'room_name': 'standardowy', 'capacity adults': 2, 'capacity_kids': 3, 'price': 354.58, 'baby price': 19.24, 'kid price': 49.45, 'teenager price': 74.81, 'avaliable_rooms': 17}, {'room_name': 'standardowy z widokiem na basen', 'capacity adults': 2, 'capacity_kids': 1, 'price': 409.58, 'baby price': 11.01, 'kid price': 33.57, 'teenager price': 77.1, 'avaliable_rooms': 20}]","[{'tour_type': 'standard', 'tour_surcharge': 0}, {'tour_type': 'All inclusive', 'tour_surcharge': 326}]"
Hotel Labranda Mares Marmaris,5,"[{'Ogólnie': ['pięciogwiazdkowy', 'stylowy', 'zbudowany w 1988 r., regularnie odnawiany', '441 pokoi, budynek główny (4 piętra) i 159 bungalowów (3 piętra), 4 windy', 'przestronne lobby', 'całodobowa recepcja', 'kilka sal konferencyjnych', 'ogród', 'taras z widokiem na morze', 'bezpłatny internet bezprzewodowy w miejscach ogólnodostępnych', 'na terenie hotelu występują różnice poziomów – nie jest polecany osobom z ograniczeniami ruchowymi', 'akceptowane karty kredytowe: Visa, MasterCard, American Express']}, {'Sport i rozrywka': ['2 korty tenisowe (oświetlenie i wypożyczalnia sprzętu płatne)', 'siłownia', 'tenis stołowy', 'koszykówka', 'rzutki', 'pokój zabaw dla dzieci', 'miniklub (4-12 lat)', 'animacje dla dorosłych i dzieci', 'za opłatą: motorowe sporty wodne, szkółka nurkowania']}, {'Basen': ['2 baseny: jeden z 2 zjeżdżalniami, nieregularny kształt, słodka woda, gł. 1,2-1,5 m, wydzielona część dla dzieci, słodka woda, gł. 0,4 m', 'przy basenach bezpłatne parasole, leżaki, materace i ręczniki']}, {'Spa': ['sauna', 'hammam', 'za opłatą: masaże, zabiegi pielęgnacyjne']}, {'Usługi': ['room-service', 'fryzjer', 'pralnia', 'minimarket', 'kantor']}, {'Kontakt': ['0090/2524552200', 'www.labranda.com/mares-marmaris']}]",True,"Turcja, Marmaris",Marmaris,Turcja,"[{'room_name': 'standardowy', 'capacity adults': 2, 'capacity_kids': 2, 'price': 647.62, 'baby price': 22.68, 'kid price': 42.04, 'teenager price': 65.35, 'avaliable_rooms': 20}, {'room_name': 'superior', 'capacity adults': 2, 'capacity_kids': 0, 'price': 730.62, 'baby price': 15.03, 'kid price': 44.62, 'teenager price': 52.53, 'avaliable_rooms': 16}]","[{'tour_type': 'standard', 'tour_surcharge': 0}, {'tour_type': 'All inclusive', 'tour_surcharge': 226}]"
Hotel Selini Suites,4,"[{'Ogólnie': ['czterogwiazdkowy', 'stylowy i nowoczesny', 'zbudowany w 1998 r., planowany remont zimą 2023-2024 r.', '140 pokoi, 5 budynków (budynek główny i bungalowy), 2 piętra', 'przestronne i eleganckie lobby', 'całodobowa recepcja', 'parking', 'taras z widokiem na basen i morze', 'ogród', 'bezpłatny internet bezprzewodowy w miejscach ogólnodostępnych', 'na terenie hotelu występują różnice poziomów – nie polecany osobom z ograniczeniami ruchowymi', 'akceptowane karty kredytowe: Visa, MasterCard']}, {'Sport i rozrywka': ['sala fitness', 'tenis stołowy', 'za opłatą: bilard (2 EUR/gra)']}, {'Basen': ['aquapark Selini (ok. 150 m od hotelu): basen z 5 zjeżdżalniami, basen dla dorosłych, basen dla dzieci z 9 zjeżdżalniami', 'basen, nieregularny kształt, słodka woda, ok. 300 m², gł. 0,6-1,6 m', 'basen dla dorosłych, nieregularny kształt, słodka woda, ok. 120 m²', 'jacuzzi', 'brodzik, słodka woda, ok. 40 m², gł. 0,5 m', 'przy basenach bezpłatne parasole i leżaki, ręczniki płatne (ok. 2 EUR)']}, {'Spa': ['za opłatą: masaże, zabiegi pielęgnacyjne na twarz i ciało']}, {'Kontakt': ['0030/2824083033', 'www.selinisuites.com']}]",True,"Grecja, Kreta",Kreta,Grecja,"[{'room_name': 'superior', 'capacity adults': 2, 'capacity_kids': 3, 'price': 525.42, 'baby price': 25.97, 'kid price': 44.68, 'teenager price': 77.62, 'avaliable_rooms': 13}, {'room_name': 'rodzinny', 'capacity adults': 2, 'capacity_kids': 0, 'price': 922.42, 'baby price': 18.5, 'kid price': 36.53, 'teenager price': 77.32, 'avaliable_rooms': 14}]","[{'tour_type': 'standard', 'tour_surcharge': 0}, {'tour_type': 'All inclusive', 'tour_surcharge': 351}]"
Hotel Globales Paraise Beach,4,"[{'Ogólnie': ['czterogwiazdkowy', 'odnowiony w 2022 r.', '102 pokoje, 1 budynek, 5 pięter, 3 windy', 'całodobowa recepcja', 'sala konferencyjna o pow. ok. 200 m²', 'bezpłatny internet bezprzewodowy', 'ogród', 'taras', 'akceptowane karty kredytowe: Visa, MasterCard']}, {'Sport i rozrywka': ['za opłatą (oferta zewnętrzna): sporty wodne na plaży, pole golfowe ok. 5,5 km od hotelu, waterpark ok. 6 km od hotelu']}, {'Basen': ['2 baseny: basen, słodka woda, basen na dachu', 'jacuzzi', 'przy basenach bezpłatne parasole i leżaki']}, {'Usługi': ['lekarz na wezwanie', 'kawiarenka internetowa', 'kantor', 'wypożyczalnia samochodów', 'parking']}, {'Kontakt': ['0034/952148031', 'www.hotelsglobales.com']}]",True,"Hiszpania, Costa del Sol",Costa del Sol,Hiszpania,"[{'room_name': 'standardowy promo', 'capacity adults': 2, 'capacity_kids': 3, 'price': 796.37, 'baby price': 16.12, 'kid price': 35.98, 'teenager price': 56.59, 'avaliable_rooms': 8}, {'room_name': 'standardowy', 'capacity adults': 2, 'capacity_kids': 2, 'price': 875.37, 'baby price': 22.91, 'kid price': 34.31, 'teenager price': 77.97, 'avaliable_rooms': 18}, {'room_name': 'rodzinny', 'capacity adults': 3, 'capacity_kids': 1, 'price': 1449.37, 'baby price': 26.18, 'kid price': 34.82, 'teenager price': 69.25, 'avaliable_rooms': 20}, {'room_name': 'standardowy z widokiem na morze', 'capacity adults': 2, 'capacity_kids': 0, 'price': 2109.37, 'baby price': 16.71, 'kid price': 42.81, 'teenager price': 79.49, 'avaliable_rooms': 14}, {'room_name': 'rodzinny z widokiem na morze', 'capacity adults': 3, 'capacity_kids': 0, 'price': 2497.37, 'baby price': 15.96, 'kid price': 45.74, 'teenager price': 68.17, 'avaliable_rooms': 12}]","[{'tour_type': 'standard', 'tour_surcharge': 0}]"
Hotel Socrates Plaza,3,"[{'Ogólnie': ['trzygwiazdkowy', 'nowoczesny i klimatyczny', 'odnowiony w 2022 r.', '50 pokoi, 3 budynki, 1 piętro, winda', 'kameralne lobby', 'całodobowa recepcja', 'przechowalnia bagażu', 'informacja turystyczna', 'parking', 'taras z widokiem na basen i morze', 'ogród', 'bezpłatny internet bezprzewodowy w lobby', 'akceptowane zwierzęta domowe (na zapytanie przed przyjazdem)', 'akceptowane karty kredytowe: Visa, MasterCard']}, {'Sport i rozrywka': ['wieczorne animacje 2 razy w tygodniu', 'za opłatą: kajaki, nurkowanie, jazda konna (oferta zewnętrzna)']}, {'Basen': ['basen, słodka woda, ok. 103 m², gł. ok. 1,2-1,5 m', 'basen dla dzieci, słodka woda, ok. 40 m², gł. do 0,6 m', 'przy basenach bezpłatne parasole i leżaki, ręczniki za kaucją']}, {'Usługi': ['kantor']}, {'Kontakt': ['0030/2593071770', 'www.socrates-plaza.gr']}]",True,"Grecja, Thassos",Thassos,Grecja,"[{'room_name': 'standardowy', 'capacity adults': 2, 'capacity_kids': 2, 'price': 993.79, 'baby price': 15.58, 'kid price': 47.42, 'teenager price': 62.29, 'avaliable_rooms': 12}, {'room_name': 'rodzinny', 'capacity adults': 2, 'capacity_kids': 2, 'price': 1378.79, 'baby price': 25.39, 'kid price': 38.54, 'teenager price': 73.46, 'avaliable_rooms': 15}, {'room_name': 'rodzinny z prywatnym basenem', 'capacity adults': 2, 'capacity_kids': 0, 'price': 1495.79, 'baby price': 21.45, 'kid price': 39.57, 'teenager price': 62.64, 'avaliable_rooms': 19}, {'room_name': 'standardowy z widokiem na morze', 'capacity adults': 2, 'capacity_kids': 1, 'price': 2400.79, 'baby price': 29.96, 'kid price': 35.76, 'teenager price': 53.03, 'avaliable_rooms': 12}]","[{'tour_type': 'standard', 'tour_surcharge': 0}, {'tour_type': 'All inclusive', 'tour_surcharge': 218}]"
Hotel Porto Bello Royal,5,"[{'Ogólnie': ['pięciogwiazdkowy', 'nowoczesny i elegancki', 'zbudowany w 2004 r., regularnie odnawiany', '418 pokoi, budynek główny i bungalowy, 1-2 piętra, winda w budynku głównym', 'przestronne i eleganckie lobby', 'całodobowa recepcja', 'tarasy z widokiem na morze', 'ogród', 'bezpłatny punkt internetowy w budynku głównym', 'bezpłatny internet bezprzewodowy w lobby', 'udogodnienia dla osób z niepełnosprawnościami (pokoje, podjazdy)', 'akceptowane karty kredytowe: Visa, MasterCard', 'za opłatą: sala konferencyjna dla ok. 550 os.']}, {'Sport i rozrywka': ['2 korty tenisowe z wypożyczalnią sprzętu (płatna)', 'tenis stołowy', 'siatkówka plażowa', 'step', 'aqua aerobik', 'piłka wodna', 'kajaki', 'rowery wodne', 'miniklub (4-12 lat)', 'minidisco', 'amfiteatr', 'dzienne i wieczorne animacje dla dorosłych i dzieci: zajęcia sportowe, przedstawienia, muzyka na żywo, okazjonalnie wieczory greckie', 'za opłatą: centrum sportów wodnych na plaży (oferta zewnętrzna).']}, {'Basen': ['13 basenów ze słoną wodą', 'basen dla dzieci, słona woda, gł. 0,5 m', '2 jacuzzi', 'przy basenach bezpłatne parasole i leżaki, ręczniki za kaucją (ok. 10 EUR, wymiana 3 razy w tygodniu)', 'aquapark Aquatica ok. 400 m od hotelu (bezpłatny wstęp dla klientów Itaki, snack bar płatny)']}, {'Spa': ['wstęp dla osób powyżej 18. roku życia', 'za opłatą: kryty basen, klub fitness, aromaterapia, gorące kamienie, zabiegi na twarz i ciało, masaże']}, {'Usługi': ['room-service', 'fryzjer', 'lekarz na wezwanie', 'pralnia', 'minimarket', 'butik', 'jubiler', 'wypożyczalnia rowerów']}, {'Kontakt': ['0030/2242092101', 'www.portobelloroyal.gr']}]",True,"Grecja, Kos",Kos,Grecja,"[{'room_name': 'standardowy', 'capacity adults': 2, 'capacity_kids': 3, 'price': 1285.57, 'baby price': 11.5, 'kid price': 40.53, 'teenager price': 60.83, 'avaliable_rooms': 5}, {'room_name': 'rodzinny', 'capacity adults': 2, 'capacity_kids': 2, 'price': 1516.57, 'baby price': 17.06, 'kid price': 38.88, 'teenager price': 69.55, 'avaliable_rooms': 6}, {'room_name': 'standardowy z widokiem na morze', 'capacity adults': 2, 'capacity_kids': 0, 'price': 2079.5699999999997, 'baby price': 28.4, 'kid price': 35.96, 'teenager price': 70.43, 'avaliable_rooms': 13}, {'room_name': 'deluxe', 'capacity adults': 2, 'capacity_kids': 3, 'price': 2765.5699999999997, 'baby price': 22.49, 'kid price': 31.93, 'teenager price': 72.11, 'avaliable_rooms': 18}]","[{'tour_type': 'standard', 'tour_surcharge': 0}, {'tour_type': 'All inclusive', 'tour_surcharge': 380}]"
Hotel Pefkos Breeze Family Resort & Spa,4,"[{'Ogólnie': ['czterogwiazdkowy', 'kameralny', 'zbudowany w 1990 r., generalnie wyremontowany 2023/24 r.', 'planowane otwarcie z końcem maja 2024', '85 pokoi, 1 budynek, 2 piętra', 'hol', 'całodobowa recepcja', 'bezpłatny internet bezprzewodowy', 'taras', 'ogród', 'akceptowane karty kredytowe:\u2009Visa, MasterCard']}, {'Sport i rozrywka': ['tenis stołowy', 'rzutki', 'plac zabaw dla dzieci', 'aqua aerobic', 'aerobic']}, {'Basen': ['basen, słodka woda, ok. 160 m², gł. 1,3-2,5 m', 'basen dla dzieci, słodka woda', 'brodzik ok. 10 m², gł. 0,5 m', 'przy basenach bezpłatne parasole i leżaki, ręczniki za kaucją (ok. 10 EUR)']}, {'Spa': ['siłownia', 'za opłatą: masaże, zabiegi, manicure']}, {'Usługi': ['room service', 'opiekunka (na zapytanie)', 'pralnia', 'parking', 'minimarket']}, {'Kontakt': ['0030/2244048248,']}]",True,"Grecja, Rodos",Rodos,Grecja,"[{'room_name': 'standardowy', 'capacity adults': 2, 'capacity_kids': 3, 'price': 1241.87, 'baby price': 13.78, 'kid price': 49.01, 'teenager price': 74.8, 'avaliable_rooms': 13}, {'room_name': 'rodzinny', 'capacity adults': 4, 'capacity_kids': 0, 'price': 1609.87, 'baby price': 18.35, 'kid price': 31.83, 'teenager price': 67.23, 'avaliable_rooms': 16}]","[{'tour_type': 'standard', 'tour_surcharge': 0}, {'tour_type': 'All inclusive', 'tour_surcharge': 370}]"
Hotel Messonghi Beach Holiday Resort,4,"[{'Ogólnie': ['czterogwiazdkowy', 'zbudowany w 1980 r., odnowiony w latach 2011/2012 i 2018 oraz 2022', '967 pokoi, 8 budynków i kilkanaście bungalowów, 2-5 pięter', 'w budynku Riverside znajdują się pokoje superior i rodzinne superior o podwyższonym standardzie, winda w budynku głównym i budynku Riverside', 'przestronne lobby', 'całodobowa recepcja', 'centrum konferencyjne dla 150 os.', 'taras z widokiem na rozległy ogród z krzewami i kwiatami', 'internet bezprzewodowy', 'akceptowane karty kredytowe: Visa, MasterCard']}, {'Basen': ['2 baseny: basen z 3 zjeżdżalniami (zjeżdżalnie dostępne tylko dla osób powyżej 1,2 m wzrostu), słodka woda, ok. 250 m², gł. 0,5-1,2 m, basen nieregularny kształt, słodka woda, ok. 170 m², gł. 0,8-2 m', '2 brodziki dla dzieci, słodka woda, ok. 40 m² i ok. 30 m², gł. 0,6 m', 'miniaquapark dla dzieci: basen ze zjeżdżalnią i grzybki wodne, ok. 235 m², gł. 0,5 m', 'przy basenach bezpłatne parasole i leżaki']}, {'Sport i rozrywka': ['3 korty tenisowe z wypożyczalnią sprzętu (ok. 6 EUR/godz./komplet)', 'siłownia', 'boisko wielofunkcyjne: koszykówka, piłka nożna, krykiet, petanka, siatkówka plażowa', 'pokój i plac zabaw dla dzieci', 'miniklub (4-12 lat)', 'dyskoteka', 'amfiteatr', 'animacje sportowo-rekreacyjne dla dorosłych i dzieci', 'za opłatą (oferta zewnętrzna): sporty wodne i centrum nurkowe']}, {'Spa': ['za opłatą: jacuzzi, masaże, zabiegi na twarz, manicure, pedicure, fish spa, fryzjer']}, {'Usługi': ['sejf w recepcji (ok. 15 EUR/tydz.)']}, {'Kontakt': ['0030/2661089000', 'www.messonghibeach.gr']}]",True,"Grecja, Korfu",Korfu,Grecja,"[{'room_name': 'standardowy\xa0', 'capacity adults': 2, 'capacity_kids': 2, 'price': 551.47, 'baby price': 18.24, 'kid price': 44.18, 'teenager price': 74.93, 'avaliable_rooms': 10}, {'room_name': 'rodzinny\xa0', 'capacity adults': 2, 'capacity_kids': 2, 'price': 819.47, 'baby price': 23.23, 'kid price': 38.16, 'teenager price': 53.79, 'avaliable_rooms': 14}, {'room_name': 'comfort family', 'capacity adults': 4, 'capacity_kids': 3, 'price': 1407.47, 'baby price': 16.69, 'kid price': 48.28, 'teenager price': 66.63, 'avaliable_rooms': 12}, {'room_name': 'superior', 'capacity adults': 2, 'capacity_kids': 3, 'price': 1767.47, 'baby price': 25.62, 'kid price': 49.27, 'teenager price': 72.27, 'avaliable_rooms': 12}, {'room_name': 'superior z widokiem na morze', 'capacity adults': 2, 'capacity_kids': 1, 'price': 2170.4700000000003, 'baby price': 21.77, 'kid price': 45.7, 'teenager price': 57.63, 'avaliable_rooms': 7}, {'room_name': 'rodzinny superior', 'capacity adults': 2, 'capacity_kids': 2, 'price': 2881.4700000000003, 'baby price': 26.12, 'kid price': 40.66, 'teenager price': 69.67, 'avaliable_rooms': 8}]","[{'tour_type': 'standard', 'tour_surcharge': 0}, {'tour_type': 'All inclusive', 'tour_surcharge': 347}]"
Hotel La Conchiglia Resort & Spa,4,"[{'Ogólnie': ['czterogwiazdkowy', 'zadbany', 'zbudowany w 1979 r., regularnie odnawiany (ostatni remont w 2022 r.)', '104 pokoje, kompleks 17 budynków i bungalowów, budynek główny – 2 piętra, pozostałe budynki 1 piętro', 'całodobowa recepcja', 'sejf w recepcji', 'czytelnia', 'przechowalnia bagażu', 'parking', 'ogród o pow. ok. 32 000 m² z roślinnością śródziemnomorską', 'bezpłatny internet bezprzewodowy w miejscach ogólnodostępnych', 'akceptowane karty kredytowe: Visa, MasterCard, American Express', 'hotel przyjmuje tylko gości powyżej 16. roku życia.']}, {'Sport i rozrywka': ['siłownia', 'tenis stołowy', 'bule', 'wieczorem muzyka na żywo', 'boisko/kort do padla (bezpłatny do godziny 18:00, później za opłatą)']}, {'Basen': ['2 baseny, słodka woda, ok. 180 m² i 150 m², podgrzewany (w terminie: kwiecień-maj, wrzesień-październik)', 'hydromasaż (ok. 27 m²)', 'przy basenach bezpłatne parasole i leżaki']}, {'Spa': ['za opłatą: jacuzzi, sauna, masaże, zabiegi pielęgnacyjne na twarz i ciało']}, {'Usługi': ['pralnia (ok. 7-15 EUR)', 'akceptowane małe zwierzęta domowe\xa0(na zapytanie; za opłatą: ok. 30 EUR/tydzień)', 'wypożyczalnia rowerów']}, {'Kontakt': ['0039/0963663256', 'www.laconchigliavillage.it']}]",True,"Włochy, Kalabria",Kalabria,Włochy,"[{'room_name': 'standardowy', 'capacity adults': 2, 'capacity_kids': 2, 'price': 958.55, 'baby price': 11.08, 'kid price': 43.28, 'teenager price': 69.33, 'avaliable_rooms': 9}, {'room_name': 'deluxe', 'capacity adults': 2, 'capacity_kids': 3, 'price': 1157.55, 'baby price': 28.57, 'kid price': 37.94, 'teenager price': 64.2, 'avaliable_rooms': 13}, {'room_name': 'deluxe z widokiem na morze', 'capacity adults': 2, 'capacity_kids': 1, 'price': 1816.55, 'baby price': 11.3, 'kid price': 34.45, 'teenager price': 63.05, 'avaliable_rooms': 6}]","[{'tour_type': 'standard', 'tour_surcharge': 0}, {'tour_type': 'All inclusive', 'tour_surcharge': 243}]"
Hotel Casa Blue Luxury Resort,5,"[{'Ogólnie': ['pięciogwiazdkowy', 'elegancki i luksusowy', 'częściowo przebudowany i całkowicie odnowiony w 2023 r.', 'otwarty w sierpniu 2023 r.', '200 pokoi, 1-2 piętra, winda', 'przestronne lobby', 'całodobowa recepcja', 'taras z widokiem na morze', 'bezpłatny internet bezprzewodowy', 'akceptowane karty kredytowe: Visa, MasterCard, American Express', 'hotel przyjmuje tylko gości powyżej 12. roku życia']}, {'Sport i rozrywka': ['sauna', 'joga', 'pilates', 'siatkówka plażowa', 'kort tenisowy, kort do padla (oświetlenie płatne; czynny 10.00-17.00 – bezpłatnie, w godz. 17.00-24.00 – za opłatą: 10 EUR lub USD/godz.; w tym rakieta oraz piłka)', 'animacje dla dorosłych', '2 razy w tygodniu show', 'raz w tygodniu piana party i Gabalai party', 'za opłatą: centrum nurkowe, centrum i szkoła kitesurfingu (oferta zewnętrzna)']}, {'Basen': ['3 baseny: główny, słodka woda, ok. 300 m², gł. 1,2-1,6 m, podgrzewany w sezonie zimowym, sportowy, słodka woda, ok. 300 m² i relaksacyjny z hydromasażem, słodka woda, ok. 200 m², gł. 1,5 m', 'przy basenach bezpłatne parasole, leżaki, materace i ręczniki']}, {'Spa': ['sauna', 'jacuzzi', 'za opłatą: łaźnia parowa, grota solna, floating, hammam, salon piękności, masaże, zabiegi pielęgnacyjne na twarz i ciało', 'pierwsze 15 minut w spa bezpłatne']}, {'Usługi': ['room-service', 'minimarket']}, {'Kontakt': ['0020/01029906216']}]",True,"Egipt, Marsa Alam",Marsa Alam,Egipt,"[{'room_name': 'superior', 'capacity adults': 2, 'capacity_kids': 0, 'price': 529.01, 'baby price': 20.1, 'kid price': 32.98, 'teenager price': 61.5, 'avaliable_rooms': 10}, {'room_name': 'jacuzzi deluxe', 'capacity adults': 2, 'capacity_kids': 2, 'price': 713.01, 'baby price': 26.53, 'kid price': 49.65, 'teenager price': 68.69, 'avaliable_rooms': 17}, {'room_name': 'swim up', 'capacity adults': 2, 'capacity_kids': 2, 'price': 1152.01, 'baby price': 12.97, 'kid price': 45.98, 'teenager price': 66.77, 'avaliable_rooms': 10}, {'room_name': 'superior z widokiem na morze', 'capacity adults': 2, 'capacity_kids': 2, 'price': 1655.01, 'baby price': 25.76, 'kid price': 41.61, 'teenager price': 58.8, 'avaliable_rooms': 15}, {'room_name': 'romantic', 'capacity adults': 2, 'capacity_kids': 3, 'price': 2407.01, 'baby price': 15.05, 'kid price': 33.7, 'teenager price': 62.22, 'avaliable_rooms': 19}, {'room_name': 'panoramic suite', 'capacity adults': 2, 'capacity_kids': 0, 'price': 2691.01, 'baby price': 18.19, 'kid price': 40.43, 'teenager price': 57.97, 'avaliable_rooms': 12}, {'room_name': 'royal suite', 'capacity adults': 2, 'capacity_kids': 0, 'price': 3145.01, 'baby price': 24.04, 'kid price': 32.98, 'teenager price': 62.63, 'avaliable_rooms': 16}]","[{'tour_type': 'standard', 'tour_surcharge': 0}, {'tour_type': 'All inclusive 24h', 'tour_surcharge': 209}]"
Hotel Crown Serenity,5,"[{'Ogólnie': ['pięciogwiazdkowy', 'elegancki i nowoczesny', 'zbudowany w 2013 r.', 'częściowo odnowiony w 2015 r.', '278 pokoi, 2 budynki, 4 piętra, 4 windy', 'przestronne i eleganckie lobby', 'całodobowa recepcja', 'bezpłatny internet bezprzewodowy w lobby', 'akceptowane karty kredytowe: Visa, MasterCard']}, {'Basen': ['basen, nieregularny kształt, słodka woda, ok. 760 m², gł. 1,4 m', 'brodzik dla dzieci, słodka woda, ok. 0,4 m', 'basen z 4 zjeżdżalniami, słodka woda', 'przy basenie bezpłatne parasole, leżaki i ręczniki', 'basen kryty, słodka woda, ok. 250 m², gł. 1,4 m']}, {'Sport i rozrywka': ['centrum fitness', 'siatkówka plażowa', 'miniklub (4-12 lat)', 'dyskoteka', 'animacje dla dorosłych i dzieci', 'za opłatą:\xa0centrum wellness, sporty wodne na plaży']}, {'Usługi': ['internet bezprzewodowy na terenie hotelu (5 EUR/3 dni, 12 EUR/tydz.),', 'room-service', 'opiekunka do dziecka', 'fryzjer', 'pralnia', 'kantor', 'minimarket', 'sklep z wyrobami skórzanymi i biżuterią', 'wypożyczalnia samochodów']}, {'Kontakt': ['0090/2427770582', 'www.sidecrownhotels.com']}]",True,"Turcja, Side",Side,Turcja,"[{'room_name': 'standardowy\xa0', 'capacity adults': 2, 'capacity_kids': 3, 'price': 365.7, 'baby price': 12.29, 'kid price': 46.73, 'teenager price': 65.88, 'avaliable_rooms': 16}, {'room_name': 'rodzinny', 'capacity adults': 2, 'capacity_kids': 1, 'price': 781.7, 'baby price': 17.35, 'kid price': 30.24, 'teenager price': 60.95, 'avaliable_rooms': 11}]","[{'tour_type': 'standard', 'tour_surcharge': 0}, {'tour_type': 'Ultra all inclusive', 'tour_surcharge': 304}]"
Hotel Blue Sea Holiday Village (ex. Lippia Resort & Spa),4,"[{'Ogólnie': ['czterogwiazdkowy', 'całkowicie odnowiony w 2021/2022 r.', '270 pokoi, 3 piętra, winda', 'otwarta w 2024 r. nowa część hotelu Adults only', 'przestronne lobby', 'całodobowa recepcja', 'taras z widokiem na basen', 'bezpłatny internet bezprzewodowy', 'akceptowane karty kredytowe: Visa, MasterCard']}, {'Sport i rozrywka': ['kort tenisowy', 'minigolf', 'piłka nożna', 'plac i pokój zabaw dla dzieci', 'miniklub (4-12 lat)', 'animacje dla dorosłych i dla dzieci', 'amfiteatr', 'dyskoteka', 'za opłatą: 18-dołkowe pole golfowe w Afandu ok. 500 m od hotelu, sporty wodne na plaży (oferta zewnętrzna)']}, {'Basen': ['basen główny, słodka woda, ok. 485 m², gł. ok. 1-2,5 m', 'basen dla dorosłych w strefie ciszy', 'basen rodzinny', '3 baseny dla dzieci: 2 baseny ze zjeżdżalniami, basen ze statkiem pirackim', 'przy basenie bezpłatne parasole, leżaki i ręczniki', 'kryty basen, słodka woda, ok. 60 m², gł. ok. 0,8 -1,7 m']}, {'Spa': ['za opłatą: masaże, manicure, pedicure']}, {'Usługi': ['minimarket', 'butik']}, {'Kontakt': ['0030/2241085512', 'www.blueseahotel.gr']}]",True,"Grecja, Rodos",Rodos,Grecja,"[{'room_name': 'standardowy', 'capacity adults': 2, 'capacity_kids': 0, 'price': 1234.53, 'baby price': 25.4, 'kid price': 45.85, 'teenager price': 67.48, 'avaliable_rooms': 9}, {'room_name': 'rodzinny', 'capacity adults': 2, 'capacity_kids': 1, 'price': 1710.53, 'baby price': 12.56, 'kid price': 44.53, 'teenager price': 72.75, 'avaliable_rooms': 7}]","[{'tour_type': 'standard', 'tour_surcharge': 0}, {'tour_type': 'All inclusive', 'tour_surcharge': 365}]"
Hotel Bouganville Palace,4,"[{'Ogólnie': ['czterogwiazdkowy', 'zbudowany w 2007 r.', '32 pokoje, 3 piętra', 'przestronne lobby', 'całodobowa recepcja', 'ogród', 'taras z widokiem na morze', 'bezpłatny internet bezprzewodowy (ograniczony zasięg)', 'akceptowane karty kredytowe: Visa, MasterCard']}, {'Sport i rozrywka': ['siłownia', 'animacje dla dorosłych i dzieci (w języku włoskim, w terminie: 12.06-20.09)']}, {'Basen': ['basen, nieregularny kształt, słodka woda, ok. 168 m², wydzielona część dla dzieci, wymagane czepki', 'przy basenie bezpłatne parasole i leżaki', 'ręczniki (ok. 2 EUR/dzień, wymagana kaucja: ok. 5 EUR)']}, {'Usługi': ['akceptowane małe zwierzęta domowe (ok. 15 EUR/dzień)']}, {'Kontakt': ['0039/3926433921', 'www.bouganvillepalacehotel.it']}]",True,"Włochy, Kalabria",Kalabria,Włochy,"[{'room_name': 'standardowy', 'capacity adults': 2, 'capacity_kids': 2, 'price': 1436.43, 'baby price': 15.03, 'kid price': 35.51, 'teenager price': 56.45, 'avaliable_rooms': 7}]","[{'tour_type': 'standard', 'tour_surcharge': 0}]"
Pelican Duni Resort,4,"[{'Ogólnie': ['czterogwiazdkowy', 'nowoczesny', '238 pokoi, kilka budynków, 2-4 piętra, winda', 'na terenie Duni Royal Resort składającego się z 5 hoteli', 'całodobowa recepcja', 'sala konferencyjna dla ok. 120 os. (na terenie resortu łącznie 4 sale, w Marina Beach dla 140 os., w Holiday Village dla 15 os., w Pelican dla 30 os.)', 'akceptowane karty kredytowe: Visa, MasterCard', 'goście mogą korzystać z całej infrastruktury Duni Royal Resort (z wyjątkiem restauracji, barów oraz basenów w części Duni Marina Royal Palce)']}, {'Sport i rozrywka': ['siatkówka plażowa', 'tenis stołowy', 'łucznictwo', 'aqua aerobik', 'rzutki', 'boccia', 'water polo', 'miniclub i teenclub na terenie Marina Beach (3-6 lat, 7-11 lat, 12-16 lat)', 'amfiteatr', 'animacje (6 razy w tygodniu)', 'za opłatą: 10 kortów tenisowych (sprzęt i oświetlenie płatne), minigolf, centrum fitness oraz spa na terenie Marina Royal Palce, sporty wodne na plaży']}, {'Basen': ['2 baseny, prostokatny kształt, słodka woda', 'basen dla dzieci', 'przy basenach bezpłatne parasole i leżaki', 'na terenie resortu: 4 baseny z wydzieloną częścią dla dzieci', 'Duni Aquapark (czynny: 1.06-15.09, termin może ulec zmianie, bar na terenie aquaparku dodatkowo płatny): zjeżdżalnie dla dorosłych i park wodny dla dzieci']}, {'Usługi': ['internet bezprzewodowy (ok. 10 BGN/dzień)', 'punkt wymiany walut', 'sklep z pamiątkami i kosmetykami']}, {'Kontakt': ['00359/892220419', 'www.duni.bg']}]",True,"Bułgaria, Sozopol",Sozopol,Bułgaria,"[{'room_name': 'standardowy', 'capacity adults': 2, 'capacity_kids': 2, 'price': 987.39, 'baby price': 12.29, 'kid price': 46.82, 'teenager price': 59.73, 'avaliable_rooms': 5}, {'room_name': 'junior suite', 'capacity adults': 2, 'capacity_kids': 0, 'price': 1255.3899999999999, 'baby price': 13.02, 'kid price': 36.44, 'teenager price': 62.59, 'avaliable_rooms': 10}]","[{'tour_type': 'standard', 'tour_surcharge': 0}, {'tour_type': 'All inclusive', 'tour_surcharge': 331}]"
Hotel Abora Catarina,4,"[{'Ogólnie': ['czterogwiazdkowy', 'zbudowany w 1975 r., odnowiony w 2017 r.', '402 pokoje, 5 pięter, 8 wind', 'hol', 'całodobowa recepcja', 'parking', '2 sale konferencyjne', 'ogród', 'bezpłatny internet bezprzewodowy', 'udogodnienia dla os. z niepełnosprawnościami', 'akceptowane karty kredytowe: Visa, American Express, Eurocard, MasterCard, Diners Club', 'przy zakwaterowaniu wymagany depozyt (płatny kartą lub gotówką) na poczet potencjalnych wydatków w hotelu: ok. 50 EUR/pokój']}, {'Sport i rozrywka': ['taras do opalania dla nudystów na dachu hotelu', 'aqua aerobik', 'tenis stołowy', 'sala fitness', 'miniklub (4-12 lat)', 'plac zabaw dla dzieci', 'animacje w ciągu dnia', 'muzyka na żywo', 'gry i zabawy w hotelowym ogrodzie', 'za opłatą: bilard, ok. 3 km od hotelu pola golfowe w Maspalomas i Meloneras']}, {'Basen': ['3 baseny, słodka woda, w tym basen główny podgrzewany w sezonie zimowym przez system paneli słonecznych, ok. 396 m², gł. do 1,6 m, ok. 300 m², gł. do 1,4 m i ok. 190 m², gł. do 1,2 m', '2 brodziki dla dzieci, w tym 1 podgrzewany w sezonie zimowym\xa0przez system paneli słonecznych: 93 m²\xa0oraz 43 m², gł do 0,5 m', 'przy basenach bezpłatne parasole i leżaki', 'Waterpark dla dzieci, ręczniki płatne']}, {'Usługi': ['lekarz na wezwanie', 'opiekunka do dziecka', 'kantor', 'fryzjer', 'pralnia', 'wypożyczalnia samochodów i rowerów']}, {'Kontakt': ['0034928762812', 'www.lopesan.com']}]",True,"Wyspy Kanaryjskie, Gran Canaria",Gran Canaria,Wyspy Kanaryjskie,"[{'room_name': 'standardowy', 'capacity adults': 2, 'capacity_kids': 0, 'price': 1244.05, 'baby price': 10.25, 'kid price': 30.49, 'teenager price': 71.57, 'avaliable_rooms': 18}, {'room_name': 'rodzinny', 'capacity adults': 2, 'capacity_kids': 3, 'price': 1251.05, 'baby price': 27.33, 'kid price': 34.22, 'teenager price': 72.91, 'avaliable_rooms': 14}, {'room_name': 'deluxe', 'capacity adults': 2, 'capacity_kids': 1, 'price': 1994.05, 'baby price': 21.94, 'kid price': 44.93, 'teenager price': 51.32, 'avaliable_rooms': 14}, {'room_name': 'standard view', 'capacity adults': 2, 'capacity_kids': 1, 'price': 2261.05, 'baby price': 28.12, 'kid price': 32.03, 'teenager price': 78.88, 'avaliable_rooms': 18}, {'room_name': 'rodzinny z dostępem do brodzika', 'capacity adults': 2, 'capacity_kids': 2, 'price': 2853.05, 'baby price': 22.59, 'kid price': 31.97, 'teenager price': 69.87, 'avaliable_rooms': 6}]","[{'tour_type': 'standard', 'tour_surcharge': 0}, {'tour_type': 'All inclusive 24h', 'tour_surcharge': 276}]"
Hotel Lazuli,5,"[{'Ogólnie': ['pięciogwiazdkowy', 'nowoczesny i elegancki', 'otwarty w 2021 r.', '265 pokoi, 2 budynki, 2 piętra, 5 wind', 'przestronne lobby', 'całodobowa recepcja', 'parking', 'sala konferencyjna', 'bezpłatny internet bezprzewodowy w lobby', 'udogodnienia dla osób z niepełnosprawnościami (5 pokoi na zapytanie)', 'akceptowane karty kredytowe: Visa, MasterCard']}, {'Sport i rozrywka': ['siatkówka plażowa', 'boisko wielofunkcyjne', 'rzutki', 'boccia', 'plac zabaw dla dzieci', 'miniklub', 'animacje dla dorosłych i dla dzieci', 'amfiteatr', 'za opłatą: bilard, tenis stołowy, centrum nurkowe']}, {'Basen': ['5 basenów o łącznej powierzchni ponad 1400 m2, słodka woda, w tym basen dla dzieci z 3 minizjeżdżalniami i basen podgrzewany', 'splash aquapark ze zjeżdżalniami', 'przy basenach bezpłatne parasole, leżaki i ręczniki']}, {'Spa': ['siłownia', 'za opłatą: sauna, łaźnia parowa, hammam, jacuzzi, zabiegi na twarz i ciało']}, {'Usługi': ['room-service', 'lekarz na wezwanie', 'fryzjer', 'wypożyczalnia rowerów', 'kącik z shishą']}, {'Kontakt': ['0020/225396271', 'www.lazulihotel.com']}]",True,"Egipt, Marsa Alam",Marsa Alam,Egipt,"[{'room_name': 'standardowy', 'capacity adults': 2, 'capacity_kids': 0, 'price': 391.62, 'baby price': 13.49, 'kid price': 38.97, 'teenager price': 50.71, 'avaliable_rooms': 16}, {'room_name': 'superior', 'capacity adults': 2, 'capacity_kids': 1, 'price': 768.62, 'baby price': 29.3, 'kid price': 43.25, 'teenager price': 78.69, 'avaliable_rooms': 20}, {'room_name': 'standardowy z bocznym widokiem na morze', 'capacity adults': 2, 'capacity_kids': 0, 'price': 1324.62, 'baby price': 10.54, 'kid price': 42.71, 'teenager price': 67.16, 'avaliable_rooms': 8}]","[{'tour_type': 'standard', 'tour_surcharge': 0}, {'tour_type': 'All inclusive', 'tour_surcharge': 394}]"
Hotel Adria Palace (ex. Rinia 2),4,"[{'Ogólnie': ['czterogwiazdkowy', 'zbudowany w 2007 r., odnowiony w 2020 r., nowy budynek zbudowany w 2023/24 r., planowane otwarcie w maju 2024 r.', '133 pokoje, 2 budynki, do 8 pięter, winda', 'przestronne i eleganckie lobby', 'recepcja', 'sejf w recepcji', 'taras z widokiem na morze', 'bezpłatny internet bezprzewodowy', 'akceptowane karty kredytowe: Visa, MaterCard, American Express']}, {'Basen': ['basen, słodka woda, ok. 75 m², gł. 1,8 m', 'przy basenie bezpłatne parasole i leżaki']}, {'Kontakt': ['00355/695232995']}]",True,"Albania, Durres",Durres,Albania,"[{'room_name': 'standardowy', 'capacity adults': 2, 'capacity_kids': 2, 'price': 1412.0, 'baby price': 25.29, 'kid price': 30.24, 'teenager price': 78.49, 'avaliable_rooms': 11}, {'room_name': 'rodzinny', 'capacity adults': 2, 'capacity_kids': 0, 'price': 1847.0, 'baby price': 16.84, 'kid price': 32.4, 'teenager price': 67.48, 'avaliable_rooms': 7}, {'room_name': 'superior', 'capacity adults': 2, 'capacity_kids': 0, 'price': 2140.0, 'baby price': 18.66, 'kid price': 38.76, 'teenager price': 76.92, 'avaliable_rooms': 18}, {'room_name': 'superior z widokiem na morze', 'capacity adults': 2, 'capacity_kids': 2, 'price': 2815.0, 'baby price': 28.32, 'kid price': 43.03, 'teenager price': 78.92, 'avaliable_rooms': 8}, {'room_name': 'rodzinny superior', 'capacity adults': 2, 'capacity_kids': 1, 'price': 3084.0, 'baby price': 15.12, 'kid price': 41.97, 'teenager price': 75.32, 'avaliable_rooms': 13}]","[{'tour_type': 'standard', 'tour_surcharge': 0}, {'tour_type': 'All inclusive', 'tour_surcharge': 399}]"
Hotel Crown Palace,5,"[{'Ogólnie': ['pięciogwiazdkowy', 'elegancki i luksusowy', 'zbudowany w 2011 r., częściowo odnowiony w 2018 r.', '422 pokoje, 2 budynki, 4-5 pięter, 7 wind', 'przestronne lobby', 'całodobowa recepcja', 'centrum konferencyjne dla 800 osób', 'bezpłatny internet bezprzewodowy w miejscach ogólnodostępnych', 'udogodnienia dla niepełnosprawnych', 'akceptowane karty kredytowe: Visa, MasterCard']}, {'Basen': ['4 baseny: basen, ok. 1150 m², gł. 1,2- 1,4 m, basen relaksacyjny, ok. 950 m², gł. 1,2- 1,4 m,\xa0basen z 4 zjeżdżalniami, ok. 80 m², gł. ok. 1,4 m,\xa0basen kryty, prostokątny kształt, słodka woda, ok. 200 m², gł. 1,4 m;', 'brodzik dla dzieci, ok. 22 m², gł. ok. 0,2 m, woda słodka', 'przy basenach bezpłatne parasole i leżaki']}, {'Sport i rozrywka': ['siłownia', 'siatkówka', 'tenis stołowy', 'rzutki', 'trampolina dla dzieci', 'amfiteatr', 'animacje dla dorosłych i dzieci', 'za opłatą: sporty wodne na plaży']}, {'Spa': ['łaźnia turecka', 'łaźnia parowa', 'sauna', 'za opłatą: masaże']}, {'Usługi': ['lekarz na wezwanie', 'room-service', 'opiekunka do dziecka', 'fryzjer', 'fotograf', 'pralnia', 'kantor', 'minimarket', 'jubiler', 'sklep z galanterią skórzaną']}, {'Kontakt': ['0090/2427630401', 'sidecrownhotels.com']}]",True,"Turcja, Side",Side,Turcja,"[{'room_name': 'standardowy', 'capacity adults': 2, 'capacity_kids': 0, 'price': 898.08, 'baby price': 26.94, 'kid price': 34.97, 'teenager price': 76.52, 'avaliable_rooms': 12}, {'room_name': 'rodzinny', 'capacity adults': 2, 'capacity_kids': 2, 'price': 1004.08, 'baby price': 24.25, 'kid price': 40.65, 'teenager price': 59.56, 'avaliable_rooms': 11}]","[{'tour_type': 'standard', 'tour_surcharge': 0}, {'tour_type': 'Ultra all inclusive 24 h', 'tour_surcharge': 270}]"
Hotel Zakynthos,3,"[{'Ogólnie': ['trzygwiazdkowy', 'otwarty w 2016 r.', '70 pokoi, 2 budynki, 3 piętra', 'przestronne i eleganckie lobby', 'całodobowa recepcja', 'parking', 'ogród', 'bezpłatny internet bezprzewodowy w miejscach ogólnodostępnych', 'akceptowane karty kredytowe: Visa, MasterCard']}, {'Basen': ['basen, słodka woda, nieregularny kształt, ok. 150 m², gł. 0,5-1,6 m', 'brodzik dla dzieci, słodka woda, ok. 17 m², gł. gł. 0,5 m', 'przy basenie bezpłatne parasole i leżaki']}, {'Usługi': ['sejf w recepcji (ok. 14 EUR/tydz.)', 'pralnia', 'prasowanie']}, {'Kontakt': ['0030/2695022676', 'www.zakynthoshotel.gr']}]",True,"Grecja, Zakynthos",Zakynthos,Grecja,"[{'room_name': 'standardowy', 'capacity adults': 2, 'capacity_kids': 3, 'price': 482.94, 'baby price': 19.05, 'kid price': 40.08, 'teenager price': 52.24, 'avaliable_rooms': 15}, {'room_name': 'rodzinny', 'capacity adults': 4, 'capacity_kids': 2, 'price': 732.94, 'baby price': 29.49, 'kid price': 32.55, 'teenager price': 64.5, 'avaliable_rooms': 19}, {'room_name': 'standardowy z widokiem na morze', 'capacity adults': 2, 'capacity_kids': 0, 'price': 1196.94, 'baby price': 19.81, 'kid price': 33.42, 'teenager price': 59.13, 'avaliable_rooms': 7}]","[{'tour_type': 'standard', 'tour_surcharge': 0}, {'tour_type': 'All inclusive', 'tour_surcharge': 239}]"
Hotel Levante Beach,3,"[{'Ogólnie': ['trzygwiazdkowy', 'elegancki i zadbany', 'zbudowany w 1985 r.', 'całkowicie odnowiony na przełomie 2017/2018 r.', '50 pokoi, 1 budynek, 3 piętra, winda', 'elegancki hol', 'całodobowa recepcja', 'taras z widokiem na morze', 'bezpłatny internet bezprzewodowy w miejscach ogólnodostępnych', 'na terenie hotelu występują schody – nie jest polecany osobom z ograniczeniami ruchowymi', 'akceptowane karty kredytowe: Visa, MasterCard']}, {'Sport i rozrywka': ['raz w tyg. wieczór folklorystyczny z tanecznym show']}, {'Basen': ['basen (czynny: czerwiec-październik), słodka woda, ok. 40 m², gł. 1,3-1,4 m', 'przy basenie bezpłatne parasole i leżaki, ręczniki za kaucją (ok. 10 EUR)']}, {'Kontakt': ['0030/2695043105']}]",True,"Grecja, Zakynthos",Zakynthos,Grecja,"[{'room_name': 'standardowy', 'capacity adults': 2, 'capacity_kids': 2, 'price': 1224.07, 'baby price': 18.56, 'kid price': 48.08, 'teenager price': 74.89, 'avaliable_rooms': 8}, {'room_name': 'standardowy z widokiem na morze', 'capacity adults': 2, 'capacity_kids': 0, 'price': 1641.07, 'baby price': 28.9, 'kid price': 32.96, 'teenager price': 57.96, 'avaliable_rooms': 9}]","[{'tour_type': 'standard', 'tour_surcharge': 0}, {'tour_type': 'All inclusive', 'tour_surcharge': 376}]"
Hotel Aeolos Beach Resort,4,"[{'Ogólnie': ['czterogwiazdkowy', 'zadbany', 'zbudowany w 1974 r., odnowiony w 2016 r., pokoje częściowo odnowione zimą 2015/2016 r.', '333 pokoje, budynek główny i bungalowy, 2 piętra, 2 windy', 'przestronne i eleganckie lobby', 'całodobowa recepcja', 'ogród', 'taras z widokiem na morze', 'bezpłatny internet bezprzewodowy w lobby', 'w hotelu występują różnice poziomów – niepolecany osobom z ograniczeniami ruchowymi', 'akceptowane karty kredytowe: Visa, MasterCard, American Express']}, {'Basen': ['basen rodzinny, słodka woda, ok. 100 m², gł. 0,4-1,4 m', 'wydzielony brodzik dla dzieci, słodka woda, ok. 15 m², gł. 0,5 m', 'basen typu infinity, nieregularny kształt, słodka woda, ok. 300 m², gł. 1,4 m', 'przy basenach bezpłatne parasole i leżaki, ręczniki za kaucją (10 EUR/szt.)']}, {'Sport i rozrywka': ['kort tenisowy', 'tenis stołowy', 'boccia', 'siatkówka plażowa', 'piłka wodna', 'rzutki', 'sauna', 'sala fitness', 'animacje dla dorosłych i dzieci, gry i zabawy sportowo–rekreacyjne', 'polskie animacje (w terminie: 01.07-15.09)', 'raz w tygodniu wieczór grecki', 'plac i pokój zabaw dla dzieci', 'miniklub (4-12 lat)']}, {'Spa': ['za opłatą: masaże, zabiegi pielęgnacyjne']}, {'Usługi': ['opiekunka do dziecka', 'minimarket', 'sklep z pamiątkami, kosmetykami i gazetami']}, {'Kontakt': ['0030/02661033133', 'www.aeolosbeach.gr']}]",True,"Grecja, Korfu",Korfu,Grecja,"[{'room_name': 'standardowy', 'capacity adults': 2, 'capacity_kids': 3, 'price': 709.76, 'baby price': 29.08, 'kid price': 33.5, 'teenager price': 78.18, 'avaliable_rooms': 9}, {'room_name': 'rodzinny', 'capacity adults': 2, 'capacity_kids': 2, 'price': 1124.76, 'baby price': 12.42, 'kid price': 46.23, 'teenager price': 58.13, 'avaliable_rooms': 18}, {'room_name': 'standardowy z widokiem na morze', 'capacity adults': 2, 'capacity_kids': 2, 'price': 1564.76, 'baby price': 18.89, 'kid price': 30.6, 'teenager price': 73.96, 'avaliable_rooms': 17}]","[{'tour_type': 'standard', 'tour_surcharge': 0}, {'tour_type': 'All inclusive', 'tour_surcharge': 353}]"
